category,keyword
core,e-hailing driver finance
core,ride-hailing driver finance
core,taxi driver fuel credit
core,minibus taxi fuel voucher
core,driver fuel advance
core,driver fuel loan
core,fuel for drivers buy now pay later
core,fuel voucher for drivers
core,fleet fuel voucher
core,fleet fuel financing
core,fuel voucher redemption
core,voucher validation at fuel station
core,station voucher redemption system
core,fuel voucher fraud prevention
core,fuel voucher POS integration
core,driver wallet voucher
core,voucher settlement to bank
core,fuel settlement reconciliation
core,fleet spend controls fuel
core,driver spend controls
core,fuel voucher audit trail
core,fuel voucher reporting
core,merchant voucher settlement
core,merchant fuel voucher payout
core,fuel station settlement software
core,fuel station voucher scanning
core,voucher QR code fuel
core,voucher OTP fuel
core,voucher pin redemption
core,voucher risk controls
core,voucher approval workflow
core,credit controls for fuel
core,driver credit limit fuel
core,high credit limit fuel
core,delivery driver fuel credit
core,food delivery fuel voucher
core,grocery delivery fuel voucher
core,courier fuel voucher
core,last mile delivery fuel finance
core,delivery fleet fuel controls
core,fuel credit South Africa
core,fuel finance South Africa
core,fuel buy now pay later
core,fuel BNPL for fleets
core,fuel vouchers South Africa
core,fuel voucher management
core,fuel voucher app
core,fuel voucher platform
core,fuel voucher API
local,e-hailing driver finance South Africa
local,e-hailing driver finance Gauteng
local,e-hailing driver finance Johannesburg
local,e-hailing driver finance Sandton
local,e-hailing driver finance Midrand
local,e-hailing driver finance Soweto
local,e-hailing driver finance Pretoria
local,e-hailing driver finance Centurion
local,e-hailing driver finance Tshwane
local,e-hailing driver finance Ekurhuleni
local,e-hailing driver finance Kempton Park
local,e-hailing driver finance Boksburg
local,e-hailing driver finance Benoni
local,e-hailing driver finance Springs
local,e-hailing driver finance Vanderbijlpark
local,e-hailing driver finance Vereeniging
local,e-hailing driver finance KwaZulu-Natal
local,e-hailing driver finance Durban
local,e-hailing driver finance Umhlanga
local,e-hailing driver finance Pinetown
local,e-hailing driver finance Pietermaritzburg
local,e-hailing driver finance Richards Bay
local,e-hailing driver finance Mpumalanga
local,e-hailing driver finance Nelspruit
local,e-hailing driver finance Mbombela
local,e-hailing driver finance Witbank
local,e-hailing driver finance eMalahleni
local,e-hailing driver finance Limpopo
local,e-hailing driver finance Polokwane
local,e-hailing driver finance Thohoyandou
local,e-hailing driver finance Makhado
local,e-hailing driver finance North West
local,e-hailing driver finance Rustenburg
local,e-hailing driver finance Mahikeng
local,e-hailing driver finance Free State
local,e-hailing driver finance Bloemfontein
local,e-hailing driver finance Welkom
local,e-hailing driver finance Eastern Cape
local,e-hailing driver finance Gqeberha
local,e-hailing driver finance Port Elizabeth
local,e-hailing driver finance East London
local,e-hailing driver finance Mthatha
local,e-hailing driver finance Western Cape
local,e-hailing driver finance Cape Town
local,e-hailing driver finance Bellville
local,e-hailing driver finance Stellenbosch
local,e-hailing driver finance Paarl
local,e-hailing driver finance George
local,e-hailing driver finance Knysna
local,e-hailing driver finance Northern Cape
local,e-hailing driver finance Kimberley
local,ride-hailing driver finance South Africa
local,ride-hailing driver finance Gauteng
local,ride-hailing driver finance Johannesburg
local,ride-hailing driver finance Sandton
local,ride-hailing driver finance Midrand
local,ride-hailing driver finance Soweto
local,ride-hailing driver finance Pretoria
local,ride-hailing driver finance Centurion
local,ride-hailing driver finance Tshwane
local,ride-hailing driver finance Ekurhuleni
local,ride-hailing driver finance Kempton Park
local,ride-hailing driver finance Boksburg
local,ride-hailing driver finance Benoni
local,ride-hailing driver finance Springs
local,ride-hailing driver finance Vanderbijlpark
local,ride-hailing driver finance Vereeniging
local,ride-hailing driver finance KwaZulu-Natal
local,ride-hailing driver finance Durban
local,ride-hailing driver finance Umhlanga
local,ride-hailing driver finance Pinetown
local,ride-hailing driver finance Pietermaritzburg
local,ride-hailing driver finance Richards Bay
local,ride-hailing driver finance Mpumalanga
local,ride-hailing driver finance Nelspruit
local,ride-hailing driver finance Mbombela
local,ride-hailing driver finance Witbank
local,ride-hailing driver finance eMalahleni
local,ride-hailing driver finance Limpopo
local,ride-hailing driver finance Polokwane
local,ride-hailing driver finance Thohoyandou
local,ride-hailing driver finance Makhado
local,ride-hailing driver finance North West
local,ride-hailing driver finance Rustenburg
local,ride-hailing driver finance Mahikeng
local,ride-hailing driver finance Free State
local,ride-hailing driver finance Bloemfontein
local,ride-hailing driver finance Welkom
local,ride-hailing driver finance Eastern Cape
local,ride-hailing driver finance Gqeberha
local,ride-hailing driver finance Port Elizabeth
local,ride-hailing driver finance East London
local,ride-hailing driver finance Mthatha
local,ride-hailing driver finance Western Cape
local,ride-hailing driver finance Cape Town
local,ride-hailing driver finance Bellville
local,ride-hailing driver finance Stellenbosch
local,ride-hailing driver finance Paarl
local,ride-hailing driver finance George
local,ride-hailing driver finance Knysna
local,ride-hailing driver finance Northern Cape
local,ride-hailing driver finance Kimberley
local,taxi driver fuel credit South Africa
local,taxi driver fuel credit Gauteng
local,taxi driver fuel credit Johannesburg
local,taxi driver fuel credit Sandton
local,taxi driver fuel credit Midrand
local,taxi driver fuel credit Soweto
local,taxi driver fuel credit Pretoria
local,taxi driver fuel credit Centurion
local,taxi driver fuel credit Tshwane
local,taxi driver fuel credit Ekurhuleni
local,taxi driver fuel credit Kempton Park
local,taxi driver fuel credit Boksburg
local,taxi driver fuel credit Benoni
local,taxi driver fuel credit Springs
local,taxi driver fuel credit Vanderbijlpark
local,taxi driver fuel credit Vereeniging
local,taxi driver fuel credit KwaZulu-Natal
local,taxi driver fuel credit Durban
local,taxi driver fuel credit Umhlanga
local,taxi driver fuel credit Pinetown
local,taxi driver fuel credit Pietermaritzburg
local,taxi driver fuel credit Richards Bay
local,taxi driver fuel credit Mpumalanga
local,taxi driver fuel credit Nelspruit
local,taxi driver fuel credit Mbombela
local,taxi driver fuel credit Witbank
local,taxi driver fuel credit eMalahleni
local,taxi driver fuel credit Limpopo
local,taxi driver fuel credit Polokwane
local,taxi driver fuel credit Thohoyandou
local,taxi driver fuel credit Makhado
local,taxi driver fuel credit North West
local,taxi driver fuel credit Rustenburg
local,taxi driver fuel credit Mahikeng
local,taxi driver fuel credit Free State
local,taxi driver fuel credit Bloemfontein
local,taxi driver fuel credit Welkom
local,taxi driver fuel credit Eastern Cape
local,taxi driver fuel credit Gqeberha
local,taxi driver fuel credit Port Elizabeth
local,taxi driver fuel credit East London
local,taxi driver fuel credit Mthatha
local,taxi driver fuel credit Western Cape
local,taxi driver fuel credit Cape Town
local,taxi driver fuel credit Bellville
local,taxi driver fuel credit Stellenbosch
local,taxi driver fuel credit Paarl
local,taxi driver fuel credit George
local,taxi driver fuel credit Knysna
local,taxi driver fuel credit Northern Cape
local,taxi driver fuel credit Kimberley
local,minibus taxi fuel voucher South Africa
local,minibus taxi fuel voucher Gauteng
local,minibus taxi fuel voucher Johannesburg
local,minibus taxi fuel voucher Sandton
local,minibus taxi fuel voucher Midrand
local,minibus taxi fuel voucher Soweto
local,minibus taxi fuel voucher Pretoria
local,minibus taxi fuel voucher Centurion
local,minibus taxi fuel voucher Tshwane
local,minibus taxi fuel voucher Ekurhuleni
local,minibus taxi fuel voucher Kempton Park
local,minibus taxi fuel voucher Boksburg
local,minibus taxi fuel voucher Benoni
local,minibus taxi fuel voucher Springs
local,minibus taxi fuel voucher Vanderbijlpark
local,minibus taxi fuel voucher Vereeniging
local,minibus taxi fuel voucher KwaZulu-Natal
local,minibus taxi fuel voucher Durban
local,minibus taxi fuel voucher Umhlanga
local,minibus taxi fuel voucher Pinetown
local,minibus taxi fuel voucher Pietermaritzburg
local,minibus taxi fuel voucher Richards Bay
local,minibus taxi fuel voucher Mpumalanga
local,minibus taxi fuel voucher Nelspruit
local,minibus taxi fuel voucher Mbombela
local,minibus taxi fuel voucher Witbank
local,minibus taxi fuel voucher eMalahleni
local,minibus taxi fuel voucher Limpopo
local,minibus taxi fuel voucher Polokwane
local,minibus taxi fuel voucher Thohoyandou
local,minibus taxi fuel voucher Makhado
local,minibus taxi fuel voucher North West
local,minibus taxi fuel voucher Rustenburg
local,minibus taxi fuel voucher Mahikeng
local,minibus taxi fuel voucher Free State
local,minibus taxi fuel voucher Bloemfontein
local,minibus taxi fuel voucher Welkom
local,minibus taxi fuel voucher Eastern Cape
local,minibus taxi fuel voucher Gqeberha
local,minibus taxi fuel voucher Port Elizabeth
local,minibus taxi fuel voucher East London
local,minibus taxi fuel voucher Mthatha
local,minibus taxi fuel voucher Western Cape
local,minibus taxi fuel voucher Cape Town
local,minibus taxi fuel voucher Bellville
local,minibus taxi fuel voucher Stellenbosch
local,minibus taxi fuel voucher Paarl
local,minibus taxi fuel voucher George
local,minibus taxi fuel voucher Knysna
local,minibus taxi fuel voucher Northern Cape
local,minibus taxi fuel voucher Kimberley
local,driver fuel advance South Africa
local,driver fuel advance Gauteng
local,driver fuel advance Johannesburg
local,driver fuel advance Sandton
local,driver fuel advance Midrand
local,driver fuel advance Soweto
local,driver fuel advance Pretoria
local,driver fuel advance Centurion
local,driver fuel advance Tshwane
local,driver fuel advance Ekurhuleni
local,driver fuel advance Kempton Park
local,driver fuel advance Boksburg
local,driver fuel advance Benoni
local,driver fuel advance Springs
local,driver fuel advance Vanderbijlpark
local,driver fuel advance Vereeniging
local,driver fuel advance KwaZulu-Natal
local,driver fuel advance Durban
local,driver fuel advance Umhlanga
local,driver fuel advance Pinetown
local,driver fuel advance Pietermaritzburg
local,driver fuel advance Richards Bay
local,driver fuel advance Mpumalanga
local,driver fuel advance Nelspruit
local,driver fuel advance Mbombela
local,driver fuel advance Witbank
local,driver fuel advance eMalahleni
local,driver fuel advance Limpopo
local,driver fuel advance Polokwane
local,driver fuel advance Thohoyandou
local,driver fuel advance Makhado
local,driver fuel advance North West
local,driver fuel advance Rustenburg
local,driver fuel advance Mahikeng
local,driver fuel advance Free State
local,driver fuel advance Bloemfontein
local,driver fuel advance Welkom
local,driver fuel advance Eastern Cape
local,driver fuel advance Gqeberha
local,driver fuel advance Port Elizabeth
local,driver fuel advance East London
local,driver fuel advance Mthatha
local,driver fuel advance Western Cape
local,driver fuel advance Cape Town
local,driver fuel advance Bellville
local,driver fuel advance Stellenbosch
local,driver fuel advance Paarl
local,driver fuel advance George
local,driver fuel advance Knysna
local,driver fuel advance Northern Cape
local,driver fuel advance Kimberley
local,driver fuel loan South Africa
local,driver fuel loan Gauteng
local,driver fuel loan Johannesburg
local,driver fuel loan Sandton
local,driver fuel loan Midrand
local,driver fuel loan Soweto
local,driver fuel loan Pretoria
local,driver fuel loan Centurion
local,driver fuel loan Tshwane
local,driver fuel loan Ekurhuleni
local,driver fuel loan Kempton Park
local,driver fuel loan Boksburg
local,driver fuel loan Benoni
local,driver fuel loan Springs
local,driver fuel loan Vanderbijlpark
local,driver fuel loan Vereeniging
local,driver fuel loan KwaZulu-Natal
local,driver fuel loan Durban
local,driver fuel loan Umhlanga
local,driver fuel loan Pinetown
local,driver fuel loan Pietermaritzburg
local,driver fuel loan Richards Bay
local,driver fuel loan Mpumalanga
local,driver fuel loan Nelspruit
local,driver fuel loan Mbombela
local,driver fuel loan Witbank
local,driver fuel loan eMalahleni
local,driver fuel loan Limpopo
local,driver fuel loan Polokwane
local,driver fuel loan Thohoyandou
local,driver fuel loan Makhado
local,driver fuel loan North West
local,driver fuel loan Rustenburg
local,driver fuel loan Mahikeng
local,driver fuel loan Free State
local,driver fuel loan Bloemfontein
local,driver fuel loan Welkom
local,driver fuel loan Eastern Cape
local,driver fuel loan Gqeberha
local,driver fuel loan Port Elizabeth
local,driver fuel loan East London
local,driver fuel loan Mthatha
local,driver fuel loan Western Cape
local,driver fuel loan Cape Town
local,driver fuel loan Bellville
local,driver fuel loan Stellenbosch
local,driver fuel loan Paarl
local,driver fuel loan George
local,driver fuel loan Knysna
local,driver fuel loan Northern Cape
local,driver fuel loan Kimberley
local,fuel for drivers buy now pay later South Africa
local,fuel for drivers buy now pay later Gauteng
local,fuel for drivers buy now pay later Johannesburg
local,fuel for drivers buy now pay later Sandton
local,fuel for drivers buy now pay later Midrand
local,fuel for drivers buy now pay later Soweto
local,fuel for drivers buy now pay later Pretoria
local,fuel for drivers buy now pay later Centurion
local,fuel for drivers buy now pay later Tshwane
local,fuel for drivers buy now pay later Ekurhuleni
local,fuel for drivers buy now pay later Kempton Park
local,fuel for drivers buy now pay later Boksburg
local,fuel for drivers buy now pay later Benoni
local,fuel for drivers buy now pay later Springs
local,fuel for drivers buy now pay later Vanderbijlpark
local,fuel for drivers buy now pay later Vereeniging
local,fuel for drivers buy now pay later KwaZulu-Natal
local,fuel for drivers buy now pay later Durban
local,fuel for drivers buy now pay later Umhlanga
local,fuel for drivers buy now pay later Pinetown
local,fuel for drivers buy now pay later Pietermaritzburg
local,fuel for drivers buy now pay later Richards Bay
local,fuel for drivers buy now pay later Mpumalanga
local,fuel for drivers buy now pay later Nelspruit
local,fuel for drivers buy now pay later Mbombela
local,fuel for drivers buy now pay later Witbank
local,fuel for drivers buy now pay later eMalahleni
local,fuel for drivers buy now pay later Limpopo
local,fuel for drivers buy now pay later Polokwane
local,fuel for drivers buy now pay later Thohoyandou
local,fuel for drivers buy now pay later Makhado
local,fuel for drivers buy now pay later North West
local,fuel for drivers buy now pay later Rustenburg
local,fuel for drivers buy now pay later Mahikeng
local,fuel for drivers buy now pay later Free State
local,fuel for drivers buy now pay later Bloemfontein
local,fuel for drivers buy now pay later Welkom
local,fuel for drivers buy now pay later Eastern Cape
local,fuel for drivers buy now pay later Gqeberha
local,fuel for drivers buy now pay later Port Elizabeth
local,fuel for drivers buy now pay later East London
local,fuel for drivers buy now pay later Mthatha
local,fuel for drivers buy now pay later Western Cape
local,fuel for drivers buy now pay later Cape Town
local,fuel for drivers buy now pay later Bellville
local,fuel for drivers buy now pay later Stellenbosch
local,fuel for drivers buy now pay later Paarl
local,fuel for drivers buy now pay later George
local,fuel for drivers buy now pay later Knysna
local,fuel for drivers buy now pay later Northern Cape
local,fuel for drivers buy now pay later Kimberley
local,fuel voucher for drivers South Africa
local,fuel voucher for drivers Gauteng
local,fuel voucher for drivers Johannesburg
local,fuel voucher for drivers Sandton
local,fuel voucher for drivers Midrand
local,fuel voucher for drivers Soweto
local,fuel voucher for drivers Pretoria
local,fuel voucher for drivers Centurion
local,fuel voucher for drivers Tshwane
local,fuel voucher for drivers Ekurhuleni
local,fuel voucher for drivers Kempton Park
local,fuel voucher for drivers Boksburg
local,fuel voucher for drivers Benoni
local,fuel voucher for drivers Springs
local,fuel voucher for drivers Vanderbijlpark
local,fuel voucher for drivers Vereeniging
local,fuel voucher for drivers KwaZulu-Natal
local,fuel voucher for drivers Durban
local,fuel voucher for drivers Umhlanga
local,fuel voucher for drivers Pinetown
local,fuel voucher for drivers Pietermaritzburg
local,fuel voucher for drivers Richards Bay
local,fuel voucher for drivers Mpumalanga
local,fuel voucher for drivers Nelspruit
local,fuel voucher for drivers Mbombela
local,fuel voucher for drivers Witbank
local,fuel voucher for drivers eMalahleni
local,fuel voucher for drivers Limpopo
local,fuel voucher for drivers Polokwane
local,fuel voucher for drivers Thohoyandou
local,fuel voucher for drivers Makhado
local,fuel voucher for drivers North West
local,fuel voucher for drivers Rustenburg
local,fuel voucher for drivers Mahikeng
local,fuel voucher for drivers Free State
local,fuel voucher for drivers Bloemfontein
local,fuel voucher for drivers Welkom
local,fuel voucher for drivers Eastern Cape
local,fuel voucher for drivers Gqeberha
local,fuel voucher for drivers Port Elizabeth
local,fuel voucher for drivers East London
local,fuel voucher for drivers Mthatha
local,fuel voucher for drivers Western Cape
local,fuel voucher for drivers Cape Town
local,fuel voucher for drivers Bellville
local,fuel voucher for drivers Stellenbosch
local,fuel voucher for drivers Paarl
local,fuel voucher for drivers George
local,fuel voucher for drivers Knysna
local,fuel voucher for drivers Northern Cape
local,fuel voucher for drivers Kimberley
local,fleet fuel voucher South Africa
local,fleet fuel voucher Gauteng
local,fleet fuel voucher Johannesburg
local,fleet fuel voucher Sandton
local,fleet fuel voucher Midrand
local,fleet fuel voucher Soweto
local,fleet fuel voucher Pretoria
local,fleet fuel voucher Centurion
local,fleet fuel voucher Tshwane
local,fleet fuel voucher Ekurhuleni
local,fleet fuel voucher Kempton Park
local,fleet fuel voucher Boksburg
local,fleet fuel voucher Benoni
local,fleet fuel voucher Springs
local,fleet fuel voucher Vanderbijlpark
local,fleet fuel voucher Vereeniging
local,fleet fuel voucher KwaZulu-Natal
local,fleet fuel voucher Durban
local,fleet fuel voucher Umhlanga
local,fleet fuel voucher Pinetown
local,fleet fuel voucher Pietermaritzburg
local,fleet fuel voucher Richards Bay
local,fleet fuel voucher Mpumalanga
local,fleet fuel voucher Nelspruit
local,fleet fuel voucher Mbombela
local,fleet fuel voucher Witbank
local,fleet fuel voucher eMalahleni
local,fleet fuel voucher Limpopo
local,fleet fuel voucher Polokwane
local,fleet fuel voucher Thohoyandou
local,fleet fuel voucher Makhado
local,fleet fuel voucher North West
local,fleet fuel voucher Rustenburg
local,fleet fuel voucher Mahikeng
local,fleet fuel voucher Free State
local,fleet fuel voucher Bloemfontein
local,fleet fuel voucher Welkom
local,fleet fuel voucher Eastern Cape
local,fleet fuel voucher Gqeberha
local,fleet fuel voucher Port Elizabeth
local,fleet fuel voucher East London
local,fleet fuel voucher Mthatha
local,fleet fuel voucher Western Cape
local,fleet fuel voucher Cape Town
local,fleet fuel voucher Bellville
local,fleet fuel voucher Stellenbosch
local,fleet fuel voucher Paarl
local,fleet fuel voucher George
local,fleet fuel voucher Knysna
local,fleet fuel voucher Northern Cape
local,fleet fuel voucher Kimberley
local,fleet fuel financing South Africa
local,fleet fuel financing Gauteng
local,fleet fuel financing Johannesburg
local,fleet fuel financing Sandton
local,fleet fuel financing Midrand
local,fleet fuel financing Soweto
local,fleet fuel financing Pretoria
local,fleet fuel financing Centurion
local,fleet fuel financing Tshwane
local,fleet fuel financing Ekurhuleni
local,fleet fuel financing Kempton Park
local,fleet fuel financing Boksburg
local,fleet fuel financing Benoni
local,fleet fuel financing Springs
local,fleet fuel financing Vanderbijlpark
local,fleet fuel financing Vereeniging
local,fleet fuel financing KwaZulu-Natal
local,fleet fuel financing Durban
local,fleet fuel financing Umhlanga
local,fleet fuel financing Pinetown
local,fleet fuel financing Pietermaritzburg
local,fleet fuel financing Richards Bay
local,fleet fuel financing Mpumalanga
local,fleet fuel financing Nelspruit
local,fleet fuel financing Mbombela
local,fleet fuel financing Witbank
local,fleet fuel financing eMalahleni
local,fleet fuel financing Limpopo
local,fleet fuel financing Polokwane
local,fleet fuel financing Thohoyandou
local,fleet fuel financing Makhado
local,fleet fuel financing North West
local,fleet fuel financing Rustenburg
local,fleet fuel financing Mahikeng
local,fleet fuel financing Free State
local,fleet fuel financing Bloemfontein
local,fleet fuel financing Welkom
local,fleet fuel financing Eastern Cape
local,fleet fuel financing Gqeberha
local,fleet fuel financing Port Elizabeth
local,fleet fuel financing East London
local,fleet fuel financing Mthatha
local,fleet fuel financing Western Cape
local,fleet fuel financing Cape Town
local,fleet fuel financing Bellville
local,fleet fuel financing Stellenbosch
local,fleet fuel financing Paarl
local,fleet fuel financing George
local,fleet fuel financing Knysna
local,fleet fuel financing Northern Cape
local,fleet fuel financing Kimberley
local,fuel voucher redemption South Africa
local,fuel voucher redemption Gauteng
local,fuel voucher redemption Johannesburg
local,fuel voucher redemption Sandton
local,fuel voucher redemption Midrand
local,fuel voucher redemption Soweto
local,fuel voucher redemption Pretoria
local,fuel voucher redemption Centurion
local,fuel voucher redemption Tshwane
local,fuel voucher redemption Ekurhuleni
local,fuel voucher redemption Kempton Park
local,fuel voucher redemption Boksburg
local,fuel voucher redemption Benoni
local,fuel voucher redemption Springs
local,fuel voucher redemption Vanderbijlpark
local,fuel voucher redemption Vereeniging
local,fuel voucher redemption KwaZulu-Natal
local,fuel voucher redemption Durban
local,fuel voucher redemption Umhlanga
local,fuel voucher redemption Pinetown
local,fuel voucher redemption Pietermaritzburg
local,fuel voucher redemption Richards Bay
local,fuel voucher redemption Mpumalanga
local,fuel voucher redemption Nelspruit
local,fuel voucher redemption Mbombela
local,fuel voucher redemption Witbank
local,fuel voucher redemption eMalahleni
local,fuel voucher redemption Limpopo
local,fuel voucher redemption Polokwane
local,fuel voucher redemption Thohoyandou
local,fuel voucher redemption Makhado
local,fuel voucher redemption North West
local,fuel voucher redemption Rustenburg
local,fuel voucher redemption Mahikeng
local,fuel voucher redemption Free State
local,fuel voucher redemption Bloemfontein
local,fuel voucher redemption Welkom
local,fuel voucher redemption Eastern Cape
local,fuel voucher redemption Gqeberha
local,fuel voucher redemption Port Elizabeth
local,fuel voucher redemption East London
local,fuel voucher redemption Mthatha
local,fuel voucher redemption Western Cape
local,fuel voucher redemption Cape Town
local,fuel voucher redemption Bellville
local,fuel voucher redemption Stellenbosch
local,fuel voucher redemption Paarl
local,fuel voucher redemption George
local,fuel voucher redemption Knysna
local,fuel voucher redemption Northern Cape
local,fuel voucher redemption Kimberley
local,voucher validation at fuel station South Africa
local,voucher validation at fuel station Gauteng
local,voucher validation at fuel station Johannesburg
local,voucher validation at fuel station Sandton
local,voucher validation at fuel station Midrand
local,voucher validation at fuel station Soweto
local,voucher validation at fuel station Pretoria
local,voucher validation at fuel station Centurion
local,voucher validation at fuel station Tshwane
local,voucher validation at fuel station Ekurhuleni
local,voucher validation at fuel station Kempton Park
local,voucher validation at fuel station Boksburg
local,voucher validation at fuel station Benoni
local,voucher validation at fuel station Springs
local,voucher validation at fuel station Vanderbijlpark
local,voucher validation at fuel station Vereeniging
local,voucher validation at fuel station KwaZulu-Natal
local,voucher validation at fuel station Durban
local,voucher validation at fuel station Umhlanga
local,voucher validation at fuel station Pinetown
local,voucher validation at fuel station Pietermaritzburg
local,voucher validation at fuel station Richards Bay
local,voucher validation at fuel station Mpumalanga
local,voucher validation at fuel station Nelspruit
local,voucher validation at fuel station Mbombela
local,voucher validation at fuel station Witbank
local,voucher validation at fuel station eMalahleni
local,voucher validation at fuel station Limpopo
local,voucher validation at fuel station Polokwane
local,voucher validation at fuel station Thohoyandou
local,voucher validation at fuel station Makhado
local,voucher validation at fuel station North West
local,voucher validation at fuel station Rustenburg
local,voucher validation at fuel station Mahikeng
local,voucher validation at fuel station Free State
local,voucher validation at fuel station Bloemfontein
local,voucher validation at fuel station Welkom
local,voucher validation at fuel station Eastern Cape
local,voucher validation at fuel station Gqeberha
local,voucher validation at fuel station Port Elizabeth
local,voucher validation at fuel station East London
local,voucher validation at fuel station Mthatha
local,voucher validation at fuel station Western Cape
local,voucher validation at fuel station Cape Town
local,voucher validation at fuel station Bellville
local,voucher validation at fuel station Stellenbosch
local,voucher validation at fuel station Paarl
local,voucher validation at fuel station George
local,voucher validation at fuel station Knysna
local,voucher validation at fuel station Northern Cape
local,voucher validation at fuel station Kimberley
local,station voucher redemption system South Africa
local,station voucher redemption system Gauteng
local,station voucher redemption system Johannesburg
local,station voucher redemption system Sandton
local,station voucher redemption system Midrand
local,station voucher redemption system Soweto
local,station voucher redemption system Pretoria
local,station voucher redemption system Centurion
local,station voucher redemption system Tshwane
local,station voucher redemption system Ekurhuleni
local,station voucher redemption system Kempton Park
local,station voucher redemption system Boksburg
local,station voucher redemption system Benoni
local,station voucher redemption system Springs
local,station voucher redemption system Vanderbijlpark
local,station voucher redemption system Vereeniging
local,station voucher redemption system KwaZulu-Natal
local,station voucher redemption system Durban
local,station voucher redemption system Umhlanga
local,station voucher redemption system Pinetown
local,station voucher redemption system Pietermaritzburg
local,station voucher redemption system Richards Bay
local,station voucher redemption system Mpumalanga
local,station voucher redemption system Nelspruit
local,station voucher redemption system Mbombela
local,station voucher redemption system Witbank
local,station voucher redemption system eMalahleni
local,station voucher redemption system Limpopo
local,station voucher redemption system Polokwane
local,station voucher redemption system Thohoyandou
local,station voucher redemption system Makhado
local,station voucher redemption system North West
local,station voucher redemption system Rustenburg
local,station voucher redemption system Mahikeng
local,station voucher redemption system Free State
local,station voucher redemption system Bloemfontein
local,station voucher redemption system Welkom
local,station voucher redemption system Eastern Cape
local,station voucher redemption system Gqeberha
local,station voucher redemption system Port Elizabeth
local,station voucher redemption system East London
local,station voucher redemption system Mthatha
local,station voucher redemption system Western Cape
local,station voucher redemption system Cape Town
local,station voucher redemption system Bellville
local,station voucher redemption system Stellenbosch
local,station voucher redemption system Paarl
local,station voucher redemption system George
local,station voucher redemption system Knysna
local,station voucher redemption system Northern Cape
local,station voucher redemption system Kimberley
local,fuel voucher fraud prevention South Africa
local,fuel voucher fraud prevention Gauteng
local,fuel voucher fraud prevention Johannesburg
local,fuel voucher fraud prevention Sandton
local,fuel voucher fraud prevention Midrand
local,fuel voucher fraud prevention Soweto
local,fuel voucher fraud prevention Pretoria
local,fuel voucher fraud prevention Centurion
local,fuel voucher fraud prevention Tshwane
local,fuel voucher fraud prevention Ekurhuleni
local,fuel voucher fraud prevention Kempton Park
local,fuel voucher fraud prevention Boksburg
local,fuel voucher fraud prevention Benoni
local,fuel voucher fraud prevention Springs
local,fuel voucher fraud prevention Vanderbijlpark
local,fuel voucher fraud prevention Vereeniging
local,fuel voucher fraud prevention KwaZulu-Natal
local,fuel voucher fraud prevention Durban
local,fuel voucher fraud prevention Umhlanga
local,fuel voucher fraud prevention Pinetown
local,fuel voucher fraud prevention Pietermaritzburg
local,fuel voucher fraud prevention Richards Bay
local,fuel voucher fraud prevention Mpumalanga
local,fuel voucher fraud prevention Nelspruit
local,fuel voucher fraud prevention Mbombela
local,fuel voucher fraud prevention Witbank
local,fuel voucher fraud prevention eMalahleni
local,fuel voucher fraud prevention Limpopo
local,fuel voucher fraud prevention Polokwane
local,fuel voucher fraud prevention Thohoyandou
local,fuel voucher fraud prevention Makhado
local,fuel voucher fraud prevention North West
local,fuel voucher fraud prevention Rustenburg
local,fuel voucher fraud prevention Mahikeng
local,fuel voucher fraud prevention Free State
local,fuel voucher fraud prevention Bloemfontein
local,fuel voucher fraud prevention Welkom
local,fuel voucher fraud prevention Eastern Cape
local,fuel voucher fraud prevention Gqeberha
local,fuel voucher fraud prevention Port Elizabeth
local,fuel voucher fraud prevention East London
local,fuel voucher fraud prevention Mthatha
local,fuel voucher fraud prevention Western Cape
local,fuel voucher fraud prevention Cape Town
local,fuel voucher fraud prevention Bellville
local,fuel voucher fraud prevention Stellenbosch
local,fuel voucher fraud prevention Paarl
local,fuel voucher fraud prevention George
local,fuel voucher fraud prevention Knysna
local,fuel voucher fraud prevention Northern Cape
local,fuel voucher fraud prevention Kimberley
local,fuel voucher POS integration South Africa
local,fuel voucher POS integration Gauteng
local,fuel voucher POS integration Johannesburg
local,fuel voucher POS integration Sandton
local,fuel voucher POS integration Midrand
local,fuel voucher POS integration Soweto
local,fuel voucher POS integration Pretoria
local,fuel voucher POS integration Centurion
local,fuel voucher POS integration Tshwane
local,fuel voucher POS integration Ekurhuleni
local,fuel voucher POS integration Kempton Park
local,fuel voucher POS integration Boksburg
local,fuel voucher POS integration Benoni
local,fuel voucher POS integration Springs
local,fuel voucher POS integration Vanderbijlpark
local,fuel voucher POS integration Vereeniging
local,fuel voucher POS integration KwaZulu-Natal
local,fuel voucher POS integration Durban
local,fuel voucher POS integration Umhlanga
local,fuel voucher POS integration Pinetown
local,fuel voucher POS integration Pietermaritzburg
local,fuel voucher POS integration Richards Bay
local,fuel voucher POS integration Mpumalanga
local,fuel voucher POS integration Nelspruit
local,fuel voucher POS integration Mbombela
local,fuel voucher POS integration Witbank
local,fuel voucher POS integration eMalahleni
local,fuel voucher POS integration Limpopo
local,fuel voucher POS integration Polokwane
local,fuel voucher POS integration Thohoyandou
local,fuel voucher POS integration Makhado
local,fuel voucher POS integration North West
local,fuel voucher POS integration Rustenburg
local,fuel voucher POS integration Mahikeng
local,fuel voucher POS integration Free State
local,fuel voucher POS integration Bloemfontein
local,fuel voucher POS integration Welkom
local,fuel voucher POS integration Eastern Cape
local,fuel voucher POS integration Gqeberha
local,fuel voucher POS integration Port Elizabeth
local,fuel voucher POS integration East London
local,fuel voucher POS integration Mthatha
local,fuel voucher POS integration Western Cape
local,fuel voucher POS integration Cape Town
local,fuel voucher POS integration Bellville
local,fuel voucher POS integration Stellenbosch
local,fuel voucher POS integration Paarl
local,fuel voucher POS integration George
local,fuel voucher POS integration Knysna
local,fuel voucher POS integration Northern Cape
local,fuel voucher POS integration Kimberley
local,driver wallet voucher South Africa
local,driver wallet voucher Gauteng
local,driver wallet voucher Johannesburg
local,driver wallet voucher Sandton
local,driver wallet voucher Midrand
local,driver wallet voucher Soweto
local,driver wallet voucher Pretoria
local,driver wallet voucher Centurion
local,driver wallet voucher Tshwane
local,driver wallet voucher Ekurhuleni
local,driver wallet voucher Kempton Park
local,driver wallet voucher Boksburg
local,driver wallet voucher Benoni
local,driver wallet voucher Springs
local,driver wallet voucher Vanderbijlpark
local,driver wallet voucher Vereeniging
local,driver wallet voucher KwaZulu-Natal
local,driver wallet voucher Durban
local,driver wallet voucher Umhlanga
local,driver wallet voucher Pinetown
local,driver wallet voucher Pietermaritzburg
local,driver wallet voucher Richards Bay
local,driver wallet voucher Mpumalanga
local,driver wallet voucher Nelspruit
local,driver wallet voucher Mbombela
local,driver wallet voucher Witbank
local,driver wallet voucher eMalahleni
local,driver wallet voucher Limpopo
local,driver wallet voucher Polokwane
local,driver wallet voucher Thohoyandou
local,driver wallet voucher Makhado
local,driver wallet voucher North West
local,driver wallet voucher Rustenburg
local,driver wallet voucher Mahikeng
local,driver wallet voucher Free State
local,driver wallet voucher Bloemfontein
local,driver wallet voucher Welkom
local,driver wallet voucher Eastern Cape
local,driver wallet voucher Gqeberha
local,driver wallet voucher Port Elizabeth
local,driver wallet voucher East London
local,driver wallet voucher Mthatha
local,driver wallet voucher Western Cape
local,driver wallet voucher Cape Town
local,driver wallet voucher Bellville
local,driver wallet voucher Stellenbosch
local,driver wallet voucher Paarl
local,driver wallet voucher George
local,driver wallet voucher Knysna
local,driver wallet voucher Northern Cape
local,driver wallet voucher Kimberley
local,voucher settlement to bank South Africa
local,voucher settlement to bank Gauteng
local,voucher settlement to bank Johannesburg
local,voucher settlement to bank Sandton
local,voucher settlement to bank Midrand
local,voucher settlement to bank Soweto
local,voucher settlement to bank Pretoria
local,voucher settlement to bank Centurion
local,voucher settlement to bank Tshwane
local,voucher settlement to bank Ekurhuleni
local,voucher settlement to bank Kempton Park
local,voucher settlement to bank Boksburg
local,voucher settlement to bank Benoni
local,voucher settlement to bank Springs
local,voucher settlement to bank Vanderbijlpark
local,voucher settlement to bank Vereeniging
local,voucher settlement to bank KwaZulu-Natal
local,voucher settlement to bank Durban
local,voucher settlement to bank Umhlanga
local,voucher settlement to bank Pinetown
local,voucher settlement to bank Pietermaritzburg
local,voucher settlement to bank Richards Bay
local,voucher settlement to bank Mpumalanga
local,voucher settlement to bank Nelspruit
local,voucher settlement to bank Mbombela
local,voucher settlement to bank Witbank
local,voucher settlement to bank eMalahleni
local,voucher settlement to bank Limpopo
local,voucher settlement to bank Polokwane
local,voucher settlement to bank Thohoyandou
local,voucher settlement to bank Makhado
local,voucher settlement to bank North West
local,voucher settlement to bank Rustenburg
local,voucher settlement to bank Mahikeng
local,voucher settlement to bank Free State
local,voucher settlement to bank Bloemfontein
local,voucher settlement to bank Welkom
local,voucher settlement to bank Eastern Cape
local,voucher settlement to bank Gqeberha
local,voucher settlement to bank Port Elizabeth
local,voucher settlement to bank East London
local,voucher settlement to bank Mthatha
local,voucher settlement to bank Western Cape
local,voucher settlement to bank Cape Town
local,voucher settlement to bank Bellville
local,voucher settlement to bank Stellenbosch
local,voucher settlement to bank Paarl
local,voucher settlement to bank George
local,voucher settlement to bank Knysna
local,voucher settlement to bank Northern Cape
local,voucher settlement to bank Kimberley
local,fuel settlement reconciliation South Africa
local,fuel settlement reconciliation Gauteng
local,fuel settlement reconciliation Johannesburg
local,fuel settlement reconciliation Sandton
local,fuel settlement reconciliation Midrand
local,fuel settlement reconciliation Soweto
local,fuel settlement reconciliation Pretoria
local,fuel settlement reconciliation Centurion
local,fuel settlement reconciliation Tshwane
local,fuel settlement reconciliation Ekurhuleni
local,fuel settlement reconciliation Kempton Park
local,fuel settlement reconciliation Boksburg
local,fuel settlement reconciliation Benoni
local,fuel settlement reconciliation Springs
local,fuel settlement reconciliation Vanderbijlpark
local,fuel settlement reconciliation Vereeniging
local,fuel settlement reconciliation KwaZulu-Natal
local,fuel settlement reconciliation Durban
local,fuel settlement reconciliation Umhlanga
local,fuel settlement reconciliation Pinetown
local,fuel settlement reconciliation Pietermaritzburg
local,fuel settlement reconciliation Richards Bay
local,fuel settlement reconciliation Mpumalanga
local,fuel settlement reconciliation Nelspruit
local,fuel settlement reconciliation Mbombela
local,fuel settlement reconciliation Witbank
local,fuel settlement reconciliation eMalahleni
local,fuel settlement reconciliation Limpopo
local,fuel settlement reconciliation Polokwane
local,fuel settlement reconciliation Thohoyandou
local,fuel settlement reconciliation Makhado
local,fuel settlement reconciliation North West
local,fuel settlement reconciliation Rustenburg
local,fuel settlement reconciliation Mahikeng
local,fuel settlement reconciliation Free State
local,fuel settlement reconciliation Bloemfontein
local,fuel settlement reconciliation Welkom
local,fuel settlement reconciliation Eastern Cape
local,fuel settlement reconciliation Gqeberha
local,fuel settlement reconciliation Port Elizabeth
local,fuel settlement reconciliation East London
local,fuel settlement reconciliation Mthatha
local,fuel settlement reconciliation Western Cape
local,fuel settlement reconciliation Cape Town
local,fuel settlement reconciliation Bellville
local,fuel settlement reconciliation Stellenbosch
local,fuel settlement reconciliation Paarl
local,fuel settlement reconciliation George
local,fuel settlement reconciliation Knysna
local,fuel settlement reconciliation Northern Cape
local,fuel settlement reconciliation Kimberley
local,fleet spend controls fuel South Africa
local,fleet spend controls fuel Gauteng
local,fleet spend controls fuel Johannesburg
local,fleet spend controls fuel Sandton
local,fleet spend controls fuel Midrand
local,fleet spend controls fuel Soweto
local,fleet spend controls fuel Pretoria
local,fleet spend controls fuel Centurion
local,fleet spend controls fuel Tshwane
local,fleet spend controls fuel Ekurhuleni
local,fleet spend controls fuel Kempton Park
local,fleet spend controls fuel Boksburg
local,fleet spend controls fuel Benoni
local,fleet spend controls fuel Springs
local,fleet spend controls fuel Vanderbijlpark
local,fleet spend controls fuel Vereeniging
local,fleet spend controls fuel KwaZulu-Natal
local,fleet spend controls fuel Durban
local,fleet spend controls fuel Umhlanga
local,fleet spend controls fuel Pinetown
local,fleet spend controls fuel Pietermaritzburg
local,fleet spend controls fuel Richards Bay
local,fleet spend controls fuel Mpumalanga
local,fleet spend controls fuel Nelspruit
local,fleet spend controls fuel Mbombela
local,fleet spend controls fuel Witbank
local,fleet spend controls fuel eMalahleni
local,fleet spend controls fuel Limpopo
local,fleet spend controls fuel Polokwane
local,fleet spend controls fuel Thohoyandou
local,fleet spend controls fuel Makhado
local,fleet spend controls fuel North West
local,fleet spend controls fuel Rustenburg
local,fleet spend controls fuel Mahikeng
local,fleet spend controls fuel Free State
local,fleet spend controls fuel Bloemfontein
local,fleet spend controls fuel Welkom
local,fleet spend controls fuel Eastern Cape
local,fleet spend controls fuel Gqeberha
local,fleet spend controls fuel Port Elizabeth
local,fleet spend controls fuel East London
local,fleet spend controls fuel Mthatha
local,fleet spend controls fuel Western Cape
local,fleet spend controls fuel Cape Town
local,fleet spend controls fuel Bellville
local,fleet spend controls fuel Stellenbosch
local,fleet spend controls fuel Paarl
local,fleet spend controls fuel George
local,fleet spend controls fuel Knysna
local,fleet spend controls fuel Northern Cape
local,fleet spend controls fuel Kimberley
local,driver spend controls South Africa
local,driver spend controls Gauteng
local,driver spend controls Johannesburg
local,driver spend controls Sandton
local,driver spend controls Midrand
local,driver spend controls Soweto
local,driver spend controls Pretoria
local,driver spend controls Centurion
local,driver spend controls Tshwane
local,driver spend controls Ekurhuleni
local,driver spend controls Kempton Park
local,driver spend controls Boksburg
local,driver spend controls Benoni
local,driver spend controls Springs
local,driver spend controls Vanderbijlpark
local,driver spend controls Vereeniging
local,driver spend controls KwaZulu-Natal
local,driver spend controls Durban
local,driver spend controls Umhlanga
local,driver spend controls Pinetown
local,driver spend controls Pietermaritzburg
local,driver spend controls Richards Bay
local,driver spend controls Mpumalanga
local,driver spend controls Nelspruit
local,driver spend controls Mbombela
local,driver spend controls Witbank
local,driver spend controls eMalahleni
local,driver spend controls Limpopo
local,driver spend controls Polokwane
local,driver spend controls Thohoyandou
local,driver spend controls Makhado
local,driver spend controls North West
local,driver spend controls Rustenburg
local,driver spend controls Mahikeng
local,driver spend controls Free State
local,driver spend controls Bloemfontein
local,driver spend controls Welkom
local,driver spend controls Eastern Cape
local,driver spend controls Gqeberha
local,driver spend controls Port Elizabeth
local,driver spend controls East London
local,driver spend controls Mthatha
local,driver spend controls Western Cape
local,driver spend controls Cape Town
local,driver spend controls Bellville
local,driver spend controls Stellenbosch
local,driver spend controls Paarl
local,driver spend controls George
local,driver spend controls Knysna
local,driver spend controls Northern Cape
local,driver spend controls Kimberley
local,fuel voucher audit trail South Africa
local,fuel voucher audit trail Gauteng
local,fuel voucher audit trail Johannesburg
local,fuel voucher audit trail Sandton
local,fuel voucher audit trail Midrand
local,fuel voucher audit trail Soweto
local,fuel voucher audit trail Pretoria
local,fuel voucher audit trail Centurion
local,fuel voucher audit trail Tshwane
local,fuel voucher audit trail Ekurhuleni
local,fuel voucher audit trail Kempton Park
local,fuel voucher audit trail Boksburg
local,fuel voucher audit trail Benoni
local,fuel voucher audit trail Springs
local,fuel voucher audit trail Vanderbijlpark
local,fuel voucher audit trail Vereeniging
local,fuel voucher audit trail KwaZulu-Natal
local,fuel voucher audit trail Durban
local,fuel voucher audit trail Umhlanga
local,fuel voucher audit trail Pinetown
local,fuel voucher audit trail Pietermaritzburg
local,fuel voucher audit trail Richards Bay
local,fuel voucher audit trail Mpumalanga
local,fuel voucher audit trail Nelspruit
local,fuel voucher audit trail Mbombela
local,fuel voucher audit trail Witbank
local,fuel voucher audit trail eMalahleni
local,fuel voucher audit trail Limpopo
local,fuel voucher audit trail Polokwane
local,fuel voucher audit trail Thohoyandou
local,fuel voucher audit trail Makhado
local,fuel voucher audit trail North West
local,fuel voucher audit trail Rustenburg
local,fuel voucher audit trail Mahikeng
local,fuel voucher audit trail Free State
local,fuel voucher audit trail Bloemfontein
local,fuel voucher audit trail Welkom
local,fuel voucher audit trail Eastern Cape
local,fuel voucher audit trail Gqeberha
local,fuel voucher audit trail Port Elizabeth
local,fuel voucher audit trail East London
local,fuel voucher audit trail Mthatha
local,fuel voucher audit trail Western Cape
local,fuel voucher audit trail Cape Town
local,fuel voucher audit trail Bellville
local,fuel voucher audit trail Stellenbosch
local,fuel voucher audit trail Paarl
local,fuel voucher audit trail George
local,fuel voucher audit trail Knysna
local,fuel voucher audit trail Northern Cape
local,fuel voucher audit trail Kimberley
local,fuel voucher reporting South Africa
local,fuel voucher reporting Gauteng
local,fuel voucher reporting Johannesburg
local,fuel voucher reporting Sandton
local,fuel voucher reporting Midrand
local,fuel voucher reporting Soweto
local,fuel voucher reporting Pretoria
local,fuel voucher reporting Centurion
local,fuel voucher reporting Tshwane
local,fuel voucher reporting Ekurhuleni
local,fuel voucher reporting Kempton Park
local,fuel voucher reporting Boksburg
local,fuel voucher reporting Benoni
local,fuel voucher reporting Springs
local,fuel voucher reporting Vanderbijlpark
local,fuel voucher reporting Vereeniging
local,fuel voucher reporting KwaZulu-Natal
local,fuel voucher reporting Durban
local,fuel voucher reporting Umhlanga
local,fuel voucher reporting Pinetown
local,fuel voucher reporting Pietermaritzburg
local,fuel voucher reporting Richards Bay
local,fuel voucher reporting Mpumalanga
local,fuel voucher reporting Nelspruit
local,fuel voucher reporting Mbombela
local,fuel voucher reporting Witbank
local,fuel voucher reporting eMalahleni
local,fuel voucher reporting Limpopo
local,fuel voucher reporting Polokwane
local,fuel voucher reporting Thohoyandou
local,fuel voucher reporting Makhado
local,fuel voucher reporting North West
local,fuel voucher reporting Rustenburg
local,fuel voucher reporting Mahikeng
local,fuel voucher reporting Free State
local,fuel voucher reporting Bloemfontein
local,fuel voucher reporting Welkom
local,fuel voucher reporting Eastern Cape
local,fuel voucher reporting Gqeberha
local,fuel voucher reporting Port Elizabeth
local,fuel voucher reporting East London
local,fuel voucher reporting Mthatha
local,fuel voucher reporting Western Cape
local,fuel voucher reporting Cape Town
local,fuel voucher reporting Bellville
local,fuel voucher reporting Stellenbosch
local,fuel voucher reporting Paarl
local,fuel voucher reporting George
local,fuel voucher reporting Knysna
local,fuel voucher reporting Northern Cape
local,fuel voucher reporting Kimberley
local,merchant voucher settlement South Africa
local,merchant voucher settlement Gauteng
local,merchant voucher settlement Johannesburg
local,merchant voucher settlement Sandton
local,merchant voucher settlement Midrand
local,merchant voucher settlement Soweto
local,merchant voucher settlement Pretoria
local,merchant voucher settlement Centurion
local,merchant voucher settlement Tshwane
local,merchant voucher settlement Ekurhuleni
local,merchant voucher settlement Kempton Park
local,merchant voucher settlement Boksburg
local,merchant voucher settlement Benoni
local,merchant voucher settlement Springs
local,merchant voucher settlement Vanderbijlpark
local,merchant voucher settlement Vereeniging
local,merchant voucher settlement KwaZulu-Natal
local,merchant voucher settlement Durban
local,merchant voucher settlement Umhlanga
local,merchant voucher settlement Pinetown
local,merchant voucher settlement Pietermaritzburg
local,merchant voucher settlement Richards Bay
local,merchant voucher settlement Mpumalanga
local,merchant voucher settlement Nelspruit
local,merchant voucher settlement Mbombela
local,merchant voucher settlement Witbank
local,merchant voucher settlement eMalahleni
local,merchant voucher settlement Limpopo
local,merchant voucher settlement Polokwane
local,merchant voucher settlement Thohoyandou
local,merchant voucher settlement Makhado
local,merchant voucher settlement North West
local,merchant voucher settlement Rustenburg
local,merchant voucher settlement Mahikeng
local,merchant voucher settlement Free State
local,merchant voucher settlement Bloemfontein
local,merchant voucher settlement Welkom
local,merchant voucher settlement Eastern Cape
local,merchant voucher settlement Gqeberha
local,merchant voucher settlement Port Elizabeth
local,merchant voucher settlement East London
local,merchant voucher settlement Mthatha
local,merchant voucher settlement Western Cape
local,merchant voucher settlement Cape Town
local,merchant voucher settlement Bellville
local,merchant voucher settlement Stellenbosch
local,merchant voucher settlement Paarl
local,merchant voucher settlement George
local,merchant voucher settlement Knysna
local,merchant voucher settlement Northern Cape
local,merchant voucher settlement Kimberley
local,merchant fuel voucher payout South Africa
local,merchant fuel voucher payout Gauteng
local,merchant fuel voucher payout Johannesburg
local,merchant fuel voucher payout Sandton
local,merchant fuel voucher payout Midrand
local,merchant fuel voucher payout Soweto
local,merchant fuel voucher payout Pretoria
local,merchant fuel voucher payout Centurion
local,merchant fuel voucher payout Tshwane
local,merchant fuel voucher payout Ekurhuleni
local,merchant fuel voucher payout Kempton Park
local,merchant fuel voucher payout Boksburg
local,merchant fuel voucher payout Benoni
local,merchant fuel voucher payout Springs
local,merchant fuel voucher payout Vanderbijlpark
local,merchant fuel voucher payout Vereeniging
local,merchant fuel voucher payout KwaZulu-Natal
local,merchant fuel voucher payout Durban
local,merchant fuel voucher payout Umhlanga
local,merchant fuel voucher payout Pinetown
local,merchant fuel voucher payout Pietermaritzburg
local,merchant fuel voucher payout Richards Bay
local,merchant fuel voucher payout Mpumalanga
local,merchant fuel voucher payout Nelspruit
local,merchant fuel voucher payout Mbombela
local,merchant fuel voucher payout Witbank
local,merchant fuel voucher payout eMalahleni
local,merchant fuel voucher payout Limpopo
local,merchant fuel voucher payout Polokwane
local,merchant fuel voucher payout Thohoyandou
local,merchant fuel voucher payout Makhado
local,merchant fuel voucher payout North West
local,merchant fuel voucher payout Rustenburg
local,merchant fuel voucher payout Mahikeng
local,merchant fuel voucher payout Free State
local,merchant fuel voucher payout Bloemfontein
local,merchant fuel voucher payout Welkom
local,merchant fuel voucher payout Eastern Cape
local,merchant fuel voucher payout Gqeberha
local,merchant fuel voucher payout Port Elizabeth
local,merchant fuel voucher payout East London
local,merchant fuel voucher payout Mthatha
local,merchant fuel voucher payout Western Cape
local,merchant fuel voucher payout Cape Town
local,merchant fuel voucher payout Bellville
local,merchant fuel voucher payout Stellenbosch
local,merchant fuel voucher payout Paarl
local,merchant fuel voucher payout George
local,merchant fuel voucher payout Knysna
local,merchant fuel voucher payout Northern Cape
local,merchant fuel voucher payout Kimberley
local,fuel station settlement software South Africa
local,fuel station settlement software Gauteng
local,fuel station settlement software Johannesburg
local,fuel station settlement software Sandton
local,fuel station settlement software Midrand
local,fuel station settlement software Soweto
local,fuel station settlement software Pretoria
local,fuel station settlement software Centurion
local,fuel station settlement software Tshwane
local,fuel station settlement software Ekurhuleni
local,fuel station settlement software Kempton Park
local,fuel station settlement software Boksburg
local,fuel station settlement software Benoni
local,fuel station settlement software Springs
local,fuel station settlement software Vanderbijlpark
local,fuel station settlement software Vereeniging
local,fuel station settlement software KwaZulu-Natal
local,fuel station settlement software Durban
local,fuel station settlement software Umhlanga
local,fuel station settlement software Pinetown
local,fuel station settlement software Pietermaritzburg
local,fuel station settlement software Richards Bay
local,fuel station settlement software Mpumalanga
local,fuel station settlement software Nelspruit
local,fuel station settlement software Mbombela
local,fuel station settlement software Witbank
local,fuel station settlement software eMalahleni
local,fuel station settlement software Limpopo
local,fuel station settlement software Polokwane
local,fuel station settlement software Thohoyandou
local,fuel station settlement software Makhado
local,fuel station settlement software North West
local,fuel station settlement software Rustenburg
local,fuel station settlement software Mahikeng
local,fuel station settlement software Free State
local,fuel station settlement software Bloemfontein
local,fuel station settlement software Welkom
local,fuel station settlement software Eastern Cape
local,fuel station settlement software Gqeberha
local,fuel station settlement software Port Elizabeth
local,fuel station settlement software East London
local,fuel station settlement software Mthatha
local,fuel station settlement software Western Cape
local,fuel station settlement software Cape Town
local,fuel station settlement software Bellville
local,fuel station settlement software Stellenbosch
local,fuel station settlement software Paarl
local,fuel station settlement software George
local,fuel station settlement software Knysna
local,fuel station settlement software Northern Cape
local,fuel station settlement software Kimberley
local,fuel station voucher scanning South Africa
local,fuel station voucher scanning Gauteng
local,fuel station voucher scanning Johannesburg
local,fuel station voucher scanning Sandton
local,fuel station voucher scanning Midrand
local,fuel station voucher scanning Soweto
local,fuel station voucher scanning Pretoria
local,fuel station voucher scanning Centurion
local,fuel station voucher scanning Tshwane
local,fuel station voucher scanning Ekurhuleni
local,fuel station voucher scanning Kempton Park
local,fuel station voucher scanning Boksburg
local,fuel station voucher scanning Benoni
local,fuel station voucher scanning Springs
local,fuel station voucher scanning Vanderbijlpark
local,fuel station voucher scanning Vereeniging
local,fuel station voucher scanning KwaZulu-Natal
local,fuel station voucher scanning Durban
local,fuel station voucher scanning Umhlanga
local,fuel station voucher scanning Pinetown
local,fuel station voucher scanning Pietermaritzburg
local,fuel station voucher scanning Richards Bay
local,fuel station voucher scanning Mpumalanga
local,fuel station voucher scanning Nelspruit
local,fuel station voucher scanning Mbombela
local,fuel station voucher scanning Witbank
local,fuel station voucher scanning eMalahleni
local,fuel station voucher scanning Limpopo
local,fuel station voucher scanning Polokwane
local,fuel station voucher scanning Thohoyandou
local,fuel station voucher scanning Makhado
local,fuel station voucher scanning North West
local,fuel station voucher scanning Rustenburg
local,fuel station voucher scanning Mahikeng
local,fuel station voucher scanning Free State
local,fuel station voucher scanning Bloemfontein
local,fuel station voucher scanning Welkom
local,fuel station voucher scanning Eastern Cape
local,fuel station voucher scanning Gqeberha
local,fuel station voucher scanning Port Elizabeth
local,fuel station voucher scanning East London
local,fuel station voucher scanning Mthatha
local,fuel station voucher scanning Western Cape
local,fuel station voucher scanning Cape Town
local,fuel station voucher scanning Bellville
local,fuel station voucher scanning Stellenbosch
local,fuel station voucher scanning Paarl
local,fuel station voucher scanning George
local,fuel station voucher scanning Knysna
local,fuel station voucher scanning Northern Cape
local,fuel station voucher scanning Kimberley
local,voucher QR code fuel South Africa
local,voucher QR code fuel Gauteng
local,voucher QR code fuel Johannesburg
local,voucher QR code fuel Sandton
local,voucher QR code fuel Midrand
local,voucher QR code fuel Soweto
local,voucher QR code fuel Pretoria
local,voucher QR code fuel Centurion
local,voucher QR code fuel Tshwane
local,voucher QR code fuel Ekurhuleni
local,voucher QR code fuel Kempton Park
local,voucher QR code fuel Boksburg
local,voucher QR code fuel Benoni
local,voucher QR code fuel Springs
local,voucher QR code fuel Vanderbijlpark
local,voucher QR code fuel Vereeniging
local,voucher QR code fuel KwaZulu-Natal
local,voucher QR code fuel Durban
local,voucher QR code fuel Umhlanga
local,voucher QR code fuel Pinetown
local,voucher QR code fuel Pietermaritzburg
local,voucher QR code fuel Richards Bay
local,voucher QR code fuel Mpumalanga
local,voucher QR code fuel Nelspruit
local,voucher QR code fuel Mbombela
local,voucher QR code fuel Witbank
local,voucher QR code fuel eMalahleni
local,voucher QR code fuel Limpopo
local,voucher QR code fuel Polokwane
local,voucher QR code fuel Thohoyandou
local,voucher QR code fuel Makhado
local,voucher QR code fuel North West
local,voucher QR code fuel Rustenburg
local,voucher QR code fuel Mahikeng
local,voucher QR code fuel Free State
local,voucher QR code fuel Bloemfontein
local,voucher QR code fuel Welkom
local,voucher QR code fuel Eastern Cape
local,voucher QR code fuel Gqeberha
local,voucher QR code fuel Port Elizabeth
local,voucher QR code fuel East London
local,voucher QR code fuel Mthatha
local,voucher QR code fuel Western Cape
local,voucher QR code fuel Cape Town
local,voucher QR code fuel Bellville
local,voucher QR code fuel Stellenbosch
local,voucher QR code fuel Paarl
local,voucher QR code fuel George
local,voucher QR code fuel Knysna
local,voucher QR code fuel Northern Cape
local,voucher QR code fuel Kimberley
local,voucher OTP fuel South Africa
local,voucher OTP fuel Gauteng
local,voucher OTP fuel Johannesburg
local,voucher OTP fuel Sandton
local,voucher OTP fuel Midrand
local,voucher OTP fuel Soweto
local,voucher OTP fuel Pretoria
local,voucher OTP fuel Centurion
local,voucher OTP fuel Tshwane
local,voucher OTP fuel Ekurhuleni
local,voucher OTP fuel Kempton Park
local,voucher OTP fuel Boksburg
local,voucher OTP fuel Benoni
local,voucher OTP fuel Springs
local,voucher OTP fuel Vanderbijlpark
local,voucher OTP fuel Vereeniging
local,voucher OTP fuel KwaZulu-Natal
local,voucher OTP fuel Durban
local,voucher OTP fuel Umhlanga
local,voucher OTP fuel Pinetown
local,voucher OTP fuel Pietermaritzburg
local,voucher OTP fuel Richards Bay
local,voucher OTP fuel Mpumalanga
local,voucher OTP fuel Nelspruit
local,voucher OTP fuel Mbombela
local,voucher OTP fuel Witbank
local,voucher OTP fuel eMalahleni
local,voucher OTP fuel Limpopo
local,voucher OTP fuel Polokwane
local,voucher OTP fuel Thohoyandou
local,voucher OTP fuel Makhado
local,voucher OTP fuel North West
local,voucher OTP fuel Rustenburg
local,voucher OTP fuel Mahikeng
local,voucher OTP fuel Free State
local,voucher OTP fuel Bloemfontein
local,voucher OTP fuel Welkom
local,voucher OTP fuel Eastern Cape
local,voucher OTP fuel Gqeberha
local,voucher OTP fuel Port Elizabeth
local,voucher OTP fuel East London
local,voucher OTP fuel Mthatha
local,voucher OTP fuel Western Cape
local,voucher OTP fuel Cape Town
local,voucher OTP fuel Bellville
local,voucher OTP fuel Stellenbosch
local,voucher OTP fuel Paarl
local,voucher OTP fuel George
local,voucher OTP fuel Knysna
local,voucher OTP fuel Northern Cape
local,voucher OTP fuel Kimberley
local,voucher pin redemption South Africa
local,voucher pin redemption Gauteng
local,voucher pin redemption Johannesburg
local,voucher pin redemption Sandton
local,voucher pin redemption Midrand
local,voucher pin redemption Soweto
local,voucher pin redemption Pretoria
local,voucher pin redemption Centurion
local,voucher pin redemption Tshwane
local,voucher pin redemption Ekurhuleni
local,voucher pin redemption Kempton Park
local,voucher pin redemption Boksburg
local,voucher pin redemption Benoni
local,voucher pin redemption Springs
local,voucher pin redemption Vanderbijlpark
local,voucher pin redemption Vereeniging
local,voucher pin redemption KwaZulu-Natal
local,voucher pin redemption Durban
local,voucher pin redemption Umhlanga
local,voucher pin redemption Pinetown
local,voucher pin redemption Pietermaritzburg
local,voucher pin redemption Richards Bay
local,voucher pin redemption Mpumalanga
local,voucher pin redemption Nelspruit
local,voucher pin redemption Mbombela
local,voucher pin redemption Witbank
local,voucher pin redemption eMalahleni
local,voucher pin redemption Limpopo
local,voucher pin redemption Polokwane
local,voucher pin redemption Thohoyandou
local,voucher pin redemption Makhado
local,voucher pin redemption North West
local,voucher pin redemption Rustenburg
local,voucher pin redemption Mahikeng
local,voucher pin redemption Free State
local,voucher pin redemption Bloemfontein
local,voucher pin redemption Welkom
local,voucher pin redemption Eastern Cape
local,voucher pin redemption Gqeberha
local,voucher pin redemption Port Elizabeth
local,voucher pin redemption East London
local,voucher pin redemption Mthatha
local,voucher pin redemption Western Cape
local,voucher pin redemption Cape Town
local,voucher pin redemption Bellville
local,voucher pin redemption Stellenbosch
local,voucher pin redemption Paarl
local,voucher pin redemption George
local,voucher pin redemption Knysna
local,voucher pin redemption Northern Cape
local,voucher pin redemption Kimberley
local,voucher risk controls South Africa
local,voucher risk controls Gauteng
local,voucher risk controls Johannesburg
local,voucher risk controls Sandton
local,voucher risk controls Midrand
local,voucher risk controls Soweto
local,voucher risk controls Pretoria
local,voucher risk controls Centurion
local,voucher risk controls Tshwane
local,voucher risk controls Ekurhuleni
local,voucher risk controls Kempton Park
local,voucher risk controls Boksburg
local,voucher risk controls Benoni
local,voucher risk controls Springs
local,voucher risk controls Vanderbijlpark
local,voucher risk controls Vereeniging
local,voucher risk controls KwaZulu-Natal
local,voucher risk controls Durban
local,voucher risk controls Umhlanga
local,voucher risk controls Pinetown
local,voucher risk controls Pietermaritzburg
local,voucher risk controls Richards Bay
local,voucher risk controls Mpumalanga
local,voucher risk controls Nelspruit
local,voucher risk controls Mbombela
local,voucher risk controls Witbank
local,voucher risk controls eMalahleni
local,voucher risk controls Limpopo
local,voucher risk controls Polokwane
local,voucher risk controls Thohoyandou
local,voucher risk controls Makhado
local,voucher risk controls North West
local,voucher risk controls Rustenburg
local,voucher risk controls Mahikeng
local,voucher risk controls Free State
local,voucher risk controls Bloemfontein
local,voucher risk controls Welkom
local,voucher risk controls Eastern Cape
local,voucher risk controls Gqeberha
local,voucher risk controls Port Elizabeth
local,voucher risk controls East London
local,voucher risk controls Mthatha
local,voucher risk controls Western Cape
local,voucher risk controls Cape Town
local,voucher risk controls Bellville
local,voucher risk controls Stellenbosch
local,voucher risk controls Paarl
local,voucher risk controls George
local,voucher risk controls Knysna
local,voucher risk controls Northern Cape
local,voucher risk controls Kimberley
local,voucher approval workflow South Africa
local,voucher approval workflow Gauteng
local,voucher approval workflow Johannesburg
local,voucher approval workflow Sandton
local,voucher approval workflow Midrand
local,voucher approval workflow Soweto
local,voucher approval workflow Pretoria
local,voucher approval workflow Centurion
local,voucher approval workflow Tshwane
local,voucher approval workflow Ekurhuleni
local,voucher approval workflow Kempton Park
local,voucher approval workflow Boksburg
local,voucher approval workflow Benoni
local,voucher approval workflow Springs
local,voucher approval workflow Vanderbijlpark
local,voucher approval workflow Vereeniging
local,voucher approval workflow KwaZulu-Natal
local,voucher approval workflow Durban
local,voucher approval workflow Umhlanga
local,voucher approval workflow Pinetown
local,voucher approval workflow Pietermaritzburg
local,voucher approval workflow Richards Bay
local,voucher approval workflow Mpumalanga
local,voucher approval workflow Nelspruit
local,voucher approval workflow Mbombela
local,voucher approval workflow Witbank
local,voucher approval workflow eMalahleni
local,voucher approval workflow Limpopo
local,voucher approval workflow Polokwane
local,voucher approval workflow Thohoyandou
local,voucher approval workflow Makhado
local,voucher approval workflow North West
local,voucher approval workflow Rustenburg
local,voucher approval workflow Mahikeng
local,voucher approval workflow Free State
local,voucher approval workflow Bloemfontein
local,voucher approval workflow Welkom
local,voucher approval workflow Eastern Cape
local,voucher approval workflow Gqeberha
local,voucher approval workflow Port Elizabeth
local,voucher approval workflow East London
local,voucher approval workflow Mthatha
local,voucher approval workflow Western Cape
local,voucher approval workflow Cape Town
local,voucher approval workflow Bellville
local,voucher approval workflow Stellenbosch
local,voucher approval workflow Paarl
local,voucher approval workflow George
local,voucher approval workflow Knysna
local,voucher approval workflow Northern Cape
local,voucher approval workflow Kimberley
local,credit controls for fuel South Africa
local,credit controls for fuel Gauteng
local,credit controls for fuel Johannesburg
local,credit controls for fuel Sandton
local,credit controls for fuel Midrand
local,credit controls for fuel Soweto
local,credit controls for fuel Pretoria
local,credit controls for fuel Centurion
local,credit controls for fuel Tshwane
local,credit controls for fuel Ekurhuleni
local,credit controls for fuel Kempton Park
local,credit controls for fuel Boksburg
local,credit controls for fuel Benoni
local,credit controls for fuel Springs
local,credit controls for fuel Vanderbijlpark
local,credit controls for fuel Vereeniging
local,credit controls for fuel KwaZulu-Natal
local,credit controls for fuel Durban
local,credit controls for fuel Umhlanga
local,credit controls for fuel Pinetown
local,credit controls for fuel Pietermaritzburg
local,credit controls for fuel Richards Bay
local,credit controls for fuel Mpumalanga
local,credit controls for fuel Nelspruit
local,credit controls for fuel Mbombela
local,credit controls for fuel Witbank
local,credit controls for fuel eMalahleni
local,credit controls for fuel Limpopo
local,credit controls for fuel Polokwane
local,credit controls for fuel Thohoyandou
local,credit controls for fuel Makhado
local,credit controls for fuel North West
local,credit controls for fuel Rustenburg
local,credit controls for fuel Mahikeng
local,credit controls for fuel Free State
local,credit controls for fuel Bloemfontein
local,credit controls for fuel Welkom
local,credit controls for fuel Eastern Cape
local,credit controls for fuel Gqeberha
local,credit controls for fuel Port Elizabeth
local,credit controls for fuel East London
local,credit controls for fuel Mthatha
local,credit controls for fuel Western Cape
local,credit controls for fuel Cape Town
local,credit controls for fuel Bellville
local,credit controls for fuel Stellenbosch
local,credit controls for fuel Paarl
local,credit controls for fuel George
local,credit controls for fuel Knysna
local,credit controls for fuel Northern Cape
local,credit controls for fuel Kimberley
local,driver credit limit fuel South Africa
local,driver credit limit fuel Gauteng
local,driver credit limit fuel Johannesburg
local,driver credit limit fuel Sandton
local,driver credit limit fuel Midrand
local,driver credit limit fuel Soweto
local,driver credit limit fuel Pretoria
local,driver credit limit fuel Centurion
local,driver credit limit fuel Tshwane
local,driver credit limit fuel Ekurhuleni
local,driver credit limit fuel Kempton Park
local,driver credit limit fuel Boksburg
local,driver credit limit fuel Benoni
local,driver credit limit fuel Springs
local,driver credit limit fuel Vanderbijlpark
local,driver credit limit fuel Vereeniging
local,driver credit limit fuel KwaZulu-Natal
local,driver credit limit fuel Durban
local,driver credit limit fuel Umhlanga
local,driver credit limit fuel Pinetown
local,driver credit limit fuel Pietermaritzburg
local,driver credit limit fuel Richards Bay
local,driver credit limit fuel Mpumalanga
local,driver credit limit fuel Nelspruit
local,driver credit limit fuel Mbombela
local,driver credit limit fuel Witbank
local,driver credit limit fuel eMalahleni
local,driver credit limit fuel Limpopo
local,driver credit limit fuel Polokwane
local,driver credit limit fuel Thohoyandou
local,driver credit limit fuel Makhado
local,driver credit limit fuel North West
local,driver credit limit fuel Rustenburg
local,driver credit limit fuel Mahikeng
local,driver credit limit fuel Free State
local,driver credit limit fuel Bloemfontein
local,driver credit limit fuel Welkom
local,driver credit limit fuel Eastern Cape
local,driver credit limit fuel Gqeberha
local,driver credit limit fuel Port Elizabeth
local,driver credit limit fuel East London
local,driver credit limit fuel Mthatha
local,driver credit limit fuel Western Cape
local,driver credit limit fuel Cape Town
local,driver credit limit fuel Bellville
local,driver credit limit fuel Stellenbosch
local,driver credit limit fuel Paarl
local,driver credit limit fuel George
local,driver credit limit fuel Knysna
local,driver credit limit fuel Northern Cape
local,driver credit limit fuel Kimberley
local,high credit limit fuel South Africa
local,high credit limit fuel Gauteng
local,high credit limit fuel Johannesburg
local,high credit limit fuel Sandton
local,high credit limit fuel Midrand
local,high credit limit fuel Soweto
local,high credit limit fuel Pretoria
local,high credit limit fuel Centurion
local,high credit limit fuel Tshwane
local,high credit limit fuel Ekurhuleni
local,high credit limit fuel Kempton Park
local,high credit limit fuel Boksburg
local,high credit limit fuel Benoni
local,high credit limit fuel Springs
local,high credit limit fuel Vanderbijlpark
local,high credit limit fuel Vereeniging
local,high credit limit fuel KwaZulu-Natal
local,high credit limit fuel Durban
local,high credit limit fuel Umhlanga
local,high credit limit fuel Pinetown
local,high credit limit fuel Pietermaritzburg
local,high credit limit fuel Richards Bay
local,high credit limit fuel Mpumalanga
local,high credit limit fuel Nelspruit
local,high credit limit fuel Mbombela
local,high credit limit fuel Witbank
local,high credit limit fuel eMalahleni
local,high credit limit fuel Limpopo
local,high credit limit fuel Polokwane
local,high credit limit fuel Thohoyandou
local,high credit limit fuel Makhado
local,high credit limit fuel North West
local,high credit limit fuel Rustenburg
local,high credit limit fuel Mahikeng
local,high credit limit fuel Free State
local,high credit limit fuel Bloemfontein
local,high credit limit fuel Welkom
local,high credit limit fuel Eastern Cape
local,high credit limit fuel Gqeberha
local,high credit limit fuel Port Elizabeth
local,high credit limit fuel East London
local,high credit limit fuel Mthatha
local,high credit limit fuel Western Cape
local,high credit limit fuel Cape Town
local,high credit limit fuel Bellville
local,high credit limit fuel Stellenbosch
local,high credit limit fuel Paarl
local,high credit limit fuel George
local,high credit limit fuel Knysna
local,high credit limit fuel Northern Cape
local,high credit limit fuel Kimberley
local,delivery driver fuel credit South Africa
local,delivery driver fuel credit Gauteng
local,delivery driver fuel credit Johannesburg
local,delivery driver fuel credit Sandton
local,delivery driver fuel credit Midrand
local,delivery driver fuel credit Soweto
local,delivery driver fuel credit Pretoria
local,delivery driver fuel credit Centurion
local,delivery driver fuel credit Tshwane
local,delivery driver fuel credit Ekurhuleni
local,delivery driver fuel credit Kempton Park
local,delivery driver fuel credit Boksburg
local,delivery driver fuel credit Benoni
local,delivery driver fuel credit Springs
local,delivery driver fuel credit Vanderbijlpark
local,delivery driver fuel credit Vereeniging
local,delivery driver fuel credit KwaZulu-Natal
local,delivery driver fuel credit Durban
local,delivery driver fuel credit Umhlanga
local,delivery driver fuel credit Pinetown
local,delivery driver fuel credit Pietermaritzburg
local,delivery driver fuel credit Richards Bay
local,delivery driver fuel credit Mpumalanga
local,delivery driver fuel credit Nelspruit
local,delivery driver fuel credit Mbombela
local,delivery driver fuel credit Witbank
local,delivery driver fuel credit eMalahleni
local,delivery driver fuel credit Limpopo
local,delivery driver fuel credit Polokwane
local,delivery driver fuel credit Thohoyandou
local,delivery driver fuel credit Makhado
local,delivery driver fuel credit North West
local,delivery driver fuel credit Rustenburg
local,delivery driver fuel credit Mahikeng
local,delivery driver fuel credit Free State
local,delivery driver fuel credit Bloemfontein
local,delivery driver fuel credit Welkom
local,delivery driver fuel credit Eastern Cape
local,delivery driver fuel credit Gqeberha
local,delivery driver fuel credit Port Elizabeth
local,delivery driver fuel credit East London
local,delivery driver fuel credit Mthatha
local,delivery driver fuel credit Western Cape
local,delivery driver fuel credit Cape Town
local,delivery driver fuel credit Bellville
local,delivery driver fuel credit Stellenbosch
local,delivery driver fuel credit Paarl
local,delivery driver fuel credit George
local,delivery driver fuel credit Knysna
local,delivery driver fuel credit Northern Cape
local,delivery driver fuel credit Kimberley
local,food delivery fuel voucher South Africa
local,food delivery fuel voucher Gauteng
local,food delivery fuel voucher Johannesburg
local,food delivery fuel voucher Sandton
local,food delivery fuel voucher Midrand
local,food delivery fuel voucher Soweto
local,food delivery fuel voucher Pretoria
local,food delivery fuel voucher Centurion
local,food delivery fuel voucher Tshwane
local,food delivery fuel voucher Ekurhuleni
local,food delivery fuel voucher Kempton Park
local,food delivery fuel voucher Boksburg
local,food delivery fuel voucher Benoni
local,food delivery fuel voucher Springs
local,food delivery fuel voucher Vanderbijlpark
local,food delivery fuel voucher Vereeniging
local,food delivery fuel voucher KwaZulu-Natal
local,food delivery fuel voucher Durban
local,food delivery fuel voucher Umhlanga
local,food delivery fuel voucher Pinetown
local,food delivery fuel voucher Pietermaritzburg
local,food delivery fuel voucher Richards Bay
local,food delivery fuel voucher Mpumalanga
local,food delivery fuel voucher Nelspruit
local,food delivery fuel voucher Mbombela
local,food delivery fuel voucher Witbank
local,food delivery fuel voucher eMalahleni
local,food delivery fuel voucher Limpopo
local,food delivery fuel voucher Polokwane
local,food delivery fuel voucher Thohoyandou
local,food delivery fuel voucher Makhado
local,food delivery fuel voucher North West
local,food delivery fuel voucher Rustenburg
local,food delivery fuel voucher Mahikeng
local,food delivery fuel voucher Free State
local,food delivery fuel voucher Bloemfontein
local,food delivery fuel voucher Welkom
local,food delivery fuel voucher Eastern Cape
local,food delivery fuel voucher Gqeberha
local,food delivery fuel voucher Port Elizabeth
local,food delivery fuel voucher East London
local,food delivery fuel voucher Mthatha
local,food delivery fuel voucher Western Cape
local,food delivery fuel voucher Cape Town
local,food delivery fuel voucher Bellville
local,food delivery fuel voucher Stellenbosch
local,food delivery fuel voucher Paarl
local,food delivery fuel voucher George
local,food delivery fuel voucher Knysna
local,food delivery fuel voucher Northern Cape
local,food delivery fuel voucher Kimberley
local,grocery delivery fuel voucher South Africa
local,grocery delivery fuel voucher Gauteng
local,grocery delivery fuel voucher Johannesburg
local,grocery delivery fuel voucher Sandton
local,grocery delivery fuel voucher Midrand
local,grocery delivery fuel voucher Soweto
local,grocery delivery fuel voucher Pretoria
local,grocery delivery fuel voucher Centurion
local,grocery delivery fuel voucher Tshwane
local,grocery delivery fuel voucher Ekurhuleni
local,grocery delivery fuel voucher Kempton Park
local,grocery delivery fuel voucher Boksburg
local,grocery delivery fuel voucher Benoni
local,grocery delivery fuel voucher Springs
local,grocery delivery fuel voucher Vanderbijlpark
local,grocery delivery fuel voucher Vereeniging
local,grocery delivery fuel voucher KwaZulu-Natal
local,grocery delivery fuel voucher Durban
local,grocery delivery fuel voucher Umhlanga
local,grocery delivery fuel voucher Pinetown
local,grocery delivery fuel voucher Pietermaritzburg
local,grocery delivery fuel voucher Richards Bay
local,grocery delivery fuel voucher Mpumalanga
local,grocery delivery fuel voucher Nelspruit
local,grocery delivery fuel voucher Mbombela
local,grocery delivery fuel voucher Witbank
local,grocery delivery fuel voucher eMalahleni
local,grocery delivery fuel voucher Limpopo
local,grocery delivery fuel voucher Polokwane
local,grocery delivery fuel voucher Thohoyandou
local,grocery delivery fuel voucher Makhado
local,grocery delivery fuel voucher North West
local,grocery delivery fuel voucher Rustenburg
local,grocery delivery fuel voucher Mahikeng
local,grocery delivery fuel voucher Free State
local,grocery delivery fuel voucher Bloemfontein
local,grocery delivery fuel voucher Welkom
local,grocery delivery fuel voucher Eastern Cape
local,grocery delivery fuel voucher Gqeberha
local,grocery delivery fuel voucher Port Elizabeth
local,grocery delivery fuel voucher East London
local,grocery delivery fuel voucher Mthatha
local,grocery delivery fuel voucher Western Cape
local,grocery delivery fuel voucher Cape Town
local,grocery delivery fuel voucher Bellville
local,grocery delivery fuel voucher Stellenbosch
local,grocery delivery fuel voucher Paarl
local,grocery delivery fuel voucher George
local,grocery delivery fuel voucher Knysna
local,grocery delivery fuel voucher Northern Cape
local,grocery delivery fuel voucher Kimberley
local,courier fuel voucher South Africa
local,courier fuel voucher Gauteng
local,courier fuel voucher Johannesburg
local,courier fuel voucher Sandton
local,courier fuel voucher Midrand
local,courier fuel voucher Soweto
local,courier fuel voucher Pretoria
local,courier fuel voucher Centurion
local,courier fuel voucher Tshwane
local,courier fuel voucher Ekurhuleni
local,courier fuel voucher Kempton Park
local,courier fuel voucher Boksburg
local,courier fuel voucher Benoni
local,courier fuel voucher Springs
local,courier fuel voucher Vanderbijlpark
local,courier fuel voucher Vereeniging
local,courier fuel voucher KwaZulu-Natal
local,courier fuel voucher Durban
local,courier fuel voucher Umhlanga
local,courier fuel voucher Pinetown
local,courier fuel voucher Pietermaritzburg
local,courier fuel voucher Richards Bay
local,courier fuel voucher Mpumalanga
local,courier fuel voucher Nelspruit
local,courier fuel voucher Mbombela
local,courier fuel voucher Witbank
local,courier fuel voucher eMalahleni
local,courier fuel voucher Limpopo
local,courier fuel voucher Polokwane
local,courier fuel voucher Thohoyandou
local,courier fuel voucher Makhado
local,courier fuel voucher North West
local,courier fuel voucher Rustenburg
local,courier fuel voucher Mahikeng
local,courier fuel voucher Free State
local,courier fuel voucher Bloemfontein
local,courier fuel voucher Welkom
local,courier fuel voucher Eastern Cape
local,courier fuel voucher Gqeberha
local,courier fuel voucher Port Elizabeth
local,courier fuel voucher East London
local,courier fuel voucher Mthatha
local,courier fuel voucher Western Cape
local,courier fuel voucher Cape Town
local,courier fuel voucher Bellville
local,courier fuel voucher Stellenbosch
local,courier fuel voucher Paarl
local,courier fuel voucher George
local,courier fuel voucher Knysna
local,courier fuel voucher Northern Cape
local,courier fuel voucher Kimberley
local,last mile delivery fuel finance South Africa
local,last mile delivery fuel finance Gauteng
local,last mile delivery fuel finance Johannesburg
local,last mile delivery fuel finance Sandton
local,last mile delivery fuel finance Midrand
local,last mile delivery fuel finance Soweto
local,last mile delivery fuel finance Pretoria
local,last mile delivery fuel finance Centurion
local,last mile delivery fuel finance Tshwane
local,last mile delivery fuel finance Ekurhuleni
local,last mile delivery fuel finance Kempton Park
local,last mile delivery fuel finance Boksburg
local,last mile delivery fuel finance Benoni
local,last mile delivery fuel finance Springs
local,last mile delivery fuel finance Vanderbijlpark
local,last mile delivery fuel finance Vereeniging
local,last mile delivery fuel finance KwaZulu-Natal
local,last mile delivery fuel finance Durban
local,last mile delivery fuel finance Umhlanga
local,last mile delivery fuel finance Pinetown
local,last mile delivery fuel finance Pietermaritzburg
local,last mile delivery fuel finance Richards Bay
local,last mile delivery fuel finance Mpumalanga
local,last mile delivery fuel finance Nelspruit
local,last mile delivery fuel finance Mbombela
local,last mile delivery fuel finance Witbank
local,last mile delivery fuel finance eMalahleni
local,last mile delivery fuel finance Limpopo
local,last mile delivery fuel finance Polokwane
local,last mile delivery fuel finance Thohoyandou
local,last mile delivery fuel finance Makhado
local,last mile delivery fuel finance North West
local,last mile delivery fuel finance Rustenburg
local,last mile delivery fuel finance Mahikeng
local,last mile delivery fuel finance Free State
local,last mile delivery fuel finance Bloemfontein
local,last mile delivery fuel finance Welkom
local,last mile delivery fuel finance Eastern Cape
local,last mile delivery fuel finance Gqeberha
local,last mile delivery fuel finance Port Elizabeth
local,last mile delivery fuel finance East London
local,last mile delivery fuel finance Mthatha
local,last mile delivery fuel finance Western Cape
local,last mile delivery fuel finance Cape Town
local,last mile delivery fuel finance Bellville
local,last mile delivery fuel finance Stellenbosch
local,last mile delivery fuel finance Paarl
local,last mile delivery fuel finance George
local,last mile delivery fuel finance Knysna
local,last mile delivery fuel finance Northern Cape
local,last mile delivery fuel finance Kimberley
local,delivery fleet fuel controls South Africa
local,delivery fleet fuel controls Gauteng
local,delivery fleet fuel controls Johannesburg
local,delivery fleet fuel controls Sandton
local,delivery fleet fuel controls Midrand
local,delivery fleet fuel controls Soweto
local,delivery fleet fuel controls Pretoria
local,delivery fleet fuel controls Centurion
local,delivery fleet fuel controls Tshwane
local,delivery fleet fuel controls Ekurhuleni
local,delivery fleet fuel controls Kempton Park
local,delivery fleet fuel controls Boksburg
local,delivery fleet fuel controls Benoni
local,delivery fleet fuel controls Springs
local,delivery fleet fuel controls Vanderbijlpark
local,delivery fleet fuel controls Vereeniging
local,delivery fleet fuel controls KwaZulu-Natal
local,delivery fleet fuel controls Durban
local,delivery fleet fuel controls Umhlanga
local,delivery fleet fuel controls Pinetown
local,delivery fleet fuel controls Pietermaritzburg
local,delivery fleet fuel controls Richards Bay
local,delivery fleet fuel controls Mpumalanga
local,delivery fleet fuel controls Nelspruit
local,delivery fleet fuel controls Mbombela
local,delivery fleet fuel controls Witbank
local,delivery fleet fuel controls eMalahleni
local,delivery fleet fuel controls Limpopo
local,delivery fleet fuel controls Polokwane
local,delivery fleet fuel controls Thohoyandou
local,delivery fleet fuel controls Makhado
local,delivery fleet fuel controls North West
local,delivery fleet fuel controls Rustenburg
local,delivery fleet fuel controls Mahikeng
local,delivery fleet fuel controls Free State
local,delivery fleet fuel controls Bloemfontein
local,delivery fleet fuel controls Welkom
local,delivery fleet fuel controls Eastern Cape
local,delivery fleet fuel controls Gqeberha
local,delivery fleet fuel controls Port Elizabeth
local,delivery fleet fuel controls East London
local,delivery fleet fuel controls Mthatha
local,delivery fleet fuel controls Western Cape
local,delivery fleet fuel controls Cape Town
local,delivery fleet fuel controls Bellville
local,delivery fleet fuel controls Stellenbosch
local,delivery fleet fuel controls Paarl
local,delivery fleet fuel controls George
local,delivery fleet fuel controls Knysna
local,delivery fleet fuel controls Northern Cape
local,delivery fleet fuel controls Kimberley
local,fuel credit South Africa South Africa
local,fuel credit South Africa Gauteng
local,fuel credit South Africa Johannesburg
local,fuel credit South Africa Sandton
local,fuel credit South Africa Midrand
local,fuel credit South Africa Soweto
local,fuel credit South Africa Pretoria
local,fuel credit South Africa Centurion
local,fuel credit South Africa Tshwane
local,fuel credit South Africa Ekurhuleni
local,fuel credit South Africa Kempton Park
local,fuel credit South Africa Boksburg
local,fuel credit South Africa Benoni
local,fuel credit South Africa Springs
local,fuel credit South Africa Vanderbijlpark
local,fuel credit South Africa Vereeniging
local,fuel credit South Africa KwaZulu-Natal
local,fuel credit South Africa Durban
local,fuel credit South Africa Umhlanga
local,fuel credit South Africa Pinetown
local,fuel credit South Africa Pietermaritzburg
local,fuel credit South Africa Richards Bay
local,fuel credit South Africa Mpumalanga
local,fuel credit South Africa Nelspruit
local,fuel credit South Africa Mbombela
local,fuel credit South Africa Witbank
local,fuel credit South Africa eMalahleni
local,fuel credit South Africa Limpopo
local,fuel credit South Africa Polokwane
local,fuel credit South Africa Thohoyandou
local,fuel credit South Africa Makhado
local,fuel credit South Africa North West
local,fuel credit South Africa Rustenburg
local,fuel credit South Africa Mahikeng
local,fuel credit South Africa Free State
local,fuel credit South Africa Bloemfontein
local,fuel credit South Africa Welkom
local,fuel credit South Africa Eastern Cape
local,fuel credit South Africa Gqeberha
local,fuel credit South Africa Port Elizabeth
local,fuel credit South Africa East London
local,fuel credit South Africa Mthatha
local,fuel credit South Africa Western Cape
local,fuel credit South Africa Cape Town
local,fuel credit South Africa Bellville
local,fuel credit South Africa Stellenbosch
local,fuel credit South Africa Paarl
local,fuel credit South Africa George
local,fuel credit South Africa Knysna
local,fuel credit South Africa Northern Cape
local,fuel credit South Africa Kimberley
local,fuel finance South Africa South Africa
local,fuel finance South Africa Gauteng
local,fuel finance South Africa Johannesburg
local,fuel finance South Africa Sandton
local,fuel finance South Africa Midrand
local,fuel finance South Africa Soweto
local,fuel finance South Africa Pretoria
local,fuel finance South Africa Centurion
local,fuel finance South Africa Tshwane
local,fuel finance South Africa Ekurhuleni
local,fuel finance South Africa Kempton Park
local,fuel finance South Africa Boksburg
local,fuel finance South Africa Benoni
local,fuel finance South Africa Springs
local,fuel finance South Africa Vanderbijlpark
local,fuel finance South Africa Vereeniging
local,fuel finance South Africa KwaZulu-Natal
local,fuel finance South Africa Durban
local,fuel finance South Africa Umhlanga
local,fuel finance South Africa Pinetown
local,fuel finance South Africa Pietermaritzburg
local,fuel finance South Africa Richards Bay
local,fuel finance South Africa Mpumalanga
local,fuel finance South Africa Nelspruit
local,fuel finance South Africa Mbombela
local,fuel finance South Africa Witbank
local,fuel finance South Africa eMalahleni
local,fuel finance South Africa Limpopo
local,fuel finance South Africa Polokwane
local,fuel finance South Africa Thohoyandou
local,fuel finance South Africa Makhado
local,fuel finance South Africa North West
local,fuel finance South Africa Rustenburg
local,fuel finance South Africa Mahikeng
local,fuel finance South Africa Free State
local,fuel finance South Africa Bloemfontein
local,fuel finance South Africa Welkom
local,fuel finance South Africa Eastern Cape
local,fuel finance South Africa Gqeberha
local,fuel finance South Africa Port Elizabeth
local,fuel finance South Africa East London
local,fuel finance South Africa Mthatha
local,fuel finance South Africa Western Cape
local,fuel finance South Africa Cape Town
local,fuel finance South Africa Bellville
local,fuel finance South Africa Stellenbosch
local,fuel finance South Africa Paarl
local,fuel finance South Africa George
local,fuel finance South Africa Knysna
local,fuel finance South Africa Northern Cape
local,fuel finance South Africa Kimberley
local,fuel buy now pay later South Africa
local,fuel buy now pay later Gauteng
local,fuel buy now pay later Johannesburg
local,fuel buy now pay later Sandton
local,fuel buy now pay later Midrand
local,fuel buy now pay later Soweto
local,fuel buy now pay later Pretoria
local,fuel buy now pay later Centurion
local,fuel buy now pay later Tshwane
local,fuel buy now pay later Ekurhuleni
local,fuel buy now pay later Kempton Park
local,fuel buy now pay later Boksburg
local,fuel buy now pay later Benoni
local,fuel buy now pay later Springs
local,fuel buy now pay later Vanderbijlpark
local,fuel buy now pay later Vereeniging
local,fuel buy now pay later KwaZulu-Natal
local,fuel buy now pay later Durban
local,fuel buy now pay later Umhlanga
local,fuel buy now pay later Pinetown
local,fuel buy now pay later Pietermaritzburg
local,fuel buy now pay later Richards Bay
local,fuel buy now pay later Mpumalanga
local,fuel buy now pay later Nelspruit
local,fuel buy now pay later Mbombela
local,fuel buy now pay later Witbank
local,fuel buy now pay later eMalahleni
local,fuel buy now pay later Limpopo
local,fuel buy now pay later Polokwane
local,fuel buy now pay later Thohoyandou
local,fuel buy now pay later Makhado
local,fuel buy now pay later North West
local,fuel buy now pay later Rustenburg
local,fuel buy now pay later Mahikeng
local,fuel buy now pay later Free State
local,fuel buy now pay later Bloemfontein
local,fuel buy now pay later Welkom
local,fuel buy now pay later Eastern Cape
local,fuel buy now pay later Gqeberha
local,fuel buy now pay later Port Elizabeth
local,fuel buy now pay later East London
local,fuel buy now pay later Mthatha
local,fuel buy now pay later Western Cape
local,fuel buy now pay later Cape Town
local,fuel buy now pay later Bellville
local,fuel buy now pay later Stellenbosch
local,fuel buy now pay later Paarl
local,fuel buy now pay later George
local,fuel buy now pay later Knysna
local,fuel buy now pay later Northern Cape
local,fuel buy now pay later Kimberley
local,fuel BNPL for fleets South Africa
local,fuel BNPL for fleets Gauteng
local,fuel BNPL for fleets Johannesburg
local,fuel BNPL for fleets Sandton
local,fuel BNPL for fleets Midrand
local,fuel BNPL for fleets Soweto
local,fuel BNPL for fleets Pretoria
local,fuel BNPL for fleets Centurion
local,fuel BNPL for fleets Tshwane
local,fuel BNPL for fleets Ekurhuleni
local,fuel BNPL for fleets Kempton Park
local,fuel BNPL for fleets Boksburg
local,fuel BNPL for fleets Benoni
local,fuel BNPL for fleets Springs
local,fuel BNPL for fleets Vanderbijlpark
local,fuel BNPL for fleets Vereeniging
local,fuel BNPL for fleets KwaZulu-Natal
local,fuel BNPL for fleets Durban
local,fuel BNPL for fleets Umhlanga
local,fuel BNPL for fleets Pinetown
local,fuel BNPL for fleets Pietermaritzburg
local,fuel BNPL for fleets Richards Bay
local,fuel BNPL for fleets Mpumalanga
local,fuel BNPL for fleets Nelspruit
local,fuel BNPL for fleets Mbombela
local,fuel BNPL for fleets Witbank
local,fuel BNPL for fleets eMalahleni
local,fuel BNPL for fleets Limpopo
local,fuel BNPL for fleets Polokwane
local,fuel BNPL for fleets Thohoyandou
local,fuel BNPL for fleets Makhado
local,fuel BNPL for fleets North West
local,fuel BNPL for fleets Rustenburg
local,fuel BNPL for fleets Mahikeng
local,fuel BNPL for fleets Free State
local,fuel BNPL for fleets Bloemfontein
local,fuel BNPL for fleets Welkom
local,fuel BNPL for fleets Eastern Cape
local,fuel BNPL for fleets Gqeberha
local,fuel BNPL for fleets Port Elizabeth
local,fuel BNPL for fleets East London
local,fuel BNPL for fleets Mthatha
local,fuel BNPL for fleets Western Cape
local,fuel BNPL for fleets Cape Town
local,fuel BNPL for fleets Bellville
local,fuel BNPL for fleets Stellenbosch
local,fuel BNPL for fleets Paarl
local,fuel BNPL for fleets George
local,fuel BNPL for fleets Knysna
local,fuel BNPL for fleets Northern Cape
local,fuel BNPL for fleets Kimberley
local,fuel vouchers South Africa South Africa
local,fuel vouchers South Africa Gauteng
local,fuel vouchers South Africa Johannesburg
local,fuel vouchers South Africa Sandton
local,fuel vouchers South Africa Midrand
local,fuel vouchers South Africa Soweto
local,fuel vouchers South Africa Pretoria
local,fuel vouchers South Africa Centurion
local,fuel vouchers South Africa Tshwane
local,fuel vouchers South Africa Ekurhuleni
local,fuel vouchers South Africa Kempton Park
local,fuel vouchers South Africa Boksburg
local,fuel vouchers South Africa Benoni
local,fuel vouchers South Africa Springs
local,fuel vouchers South Africa Vanderbijlpark
local,fuel vouchers South Africa Vereeniging
local,fuel vouchers South Africa KwaZulu-Natal
local,fuel vouchers South Africa Durban
local,fuel vouchers South Africa Umhlanga
local,fuel vouchers South Africa Pinetown
local,fuel vouchers South Africa Pietermaritzburg
local,fuel vouchers South Africa Richards Bay
local,fuel vouchers South Africa Mpumalanga
local,fuel vouchers South Africa Nelspruit
local,fuel vouchers South Africa Mbombela
local,fuel vouchers South Africa Witbank
local,fuel vouchers South Africa eMalahleni
local,fuel vouchers South Africa Limpopo
local,fuel vouchers South Africa Polokwane
local,fuel vouchers South Africa Thohoyandou
local,fuel vouchers South Africa Makhado
local,fuel vouchers South Africa North West
local,fuel vouchers South Africa Rustenburg
local,fuel vouchers South Africa Mahikeng
local,fuel vouchers South Africa Free State
local,fuel vouchers South Africa Bloemfontein
local,fuel vouchers South Africa Welkom
local,fuel vouchers South Africa Eastern Cape
local,fuel vouchers South Africa Gqeberha
local,fuel vouchers South Africa Port Elizabeth
local,fuel vouchers South Africa East London
local,fuel vouchers South Africa Mthatha
local,fuel vouchers South Africa Western Cape
local,fuel vouchers South Africa Cape Town
local,fuel vouchers South Africa Bellville
local,fuel vouchers South Africa Stellenbosch
local,fuel vouchers South Africa Paarl
local,fuel vouchers South Africa George
local,fuel vouchers South Africa Knysna
local,fuel vouchers South Africa Northern Cape
local,fuel vouchers South Africa Kimberley
local,fuel voucher management South Africa
local,fuel voucher management Gauteng
local,fuel voucher management Johannesburg
local,fuel voucher management Sandton
local,fuel voucher management Midrand
local,fuel voucher management Soweto
local,fuel voucher management Pretoria
local,fuel voucher management Centurion
local,fuel voucher management Tshwane
local,fuel voucher management Ekurhuleni
local,fuel voucher management Kempton Park
local,fuel voucher management Boksburg
local,fuel voucher management Benoni
local,fuel voucher management Springs
local,fuel voucher management Vanderbijlpark
local,fuel voucher management Vereeniging
local,fuel voucher management KwaZulu-Natal
local,fuel voucher management Durban
local,fuel voucher management Umhlanga
local,fuel voucher management Pinetown
local,fuel voucher management Pietermaritzburg
local,fuel voucher management Richards Bay
local,fuel voucher management Mpumalanga
local,fuel voucher management Nelspruit
local,fuel voucher management Mbombela
local,fuel voucher management Witbank
local,fuel voucher management eMalahleni
local,fuel voucher management Limpopo
local,fuel voucher management Polokwane
local,fuel voucher management Thohoyandou
local,fuel voucher management Makhado
local,fuel voucher management North West
local,fuel voucher management Rustenburg
local,fuel voucher management Mahikeng
local,fuel voucher management Free State
local,fuel voucher management Bloemfontein
local,fuel voucher management Welkom
local,fuel voucher management Eastern Cape
local,fuel voucher management Gqeberha
local,fuel voucher management Port Elizabeth
local,fuel voucher management East London
local,fuel voucher management Mthatha
local,fuel voucher management Western Cape
local,fuel voucher management Cape Town
local,fuel voucher management Bellville
local,fuel voucher management Stellenbosch
local,fuel voucher management Paarl
local,fuel voucher management George
local,fuel voucher management Knysna
local,fuel voucher management Northern Cape
local,fuel voucher management Kimberley
local,fuel voucher app South Africa
local,fuel voucher app Gauteng
local,fuel voucher app Johannesburg
local,fuel voucher app Sandton
local,fuel voucher app Midrand
local,fuel voucher app Soweto
local,fuel voucher app Pretoria
local,fuel voucher app Centurion
local,fuel voucher app Tshwane
local,fuel voucher app Ekurhuleni
local,fuel voucher app Kempton Park
local,fuel voucher app Boksburg
local,fuel voucher app Benoni
local,fuel voucher app Springs
local,fuel voucher app Vanderbijlpark
local,fuel voucher app Vereeniging
local,fuel voucher app KwaZulu-Natal
local,fuel voucher app Durban
local,fuel voucher app Umhlanga
local,fuel voucher app Pinetown
local,fuel voucher app Pietermaritzburg
local,fuel voucher app Richards Bay
local,fuel voucher app Mpumalanga
local,fuel voucher app Nelspruit
local,fuel voucher app Mbombela
local,fuel voucher app Witbank
local,fuel voucher app eMalahleni
local,fuel voucher app Limpopo
local,fuel voucher app Polokwane
local,fuel voucher app Thohoyandou
local,fuel voucher app Makhado
local,fuel voucher app North West
local,fuel voucher app Rustenburg
local,fuel voucher app Mahikeng
local,fuel voucher app Free State
local,fuel voucher app Bloemfontein
local,fuel voucher app Welkom
local,fuel voucher app Eastern Cape
local,fuel voucher app Gqeberha
local,fuel voucher app Port Elizabeth
local,fuel voucher app East London
local,fuel voucher app Mthatha
local,fuel voucher app Western Cape
local,fuel voucher app Cape Town
local,fuel voucher app Bellville
local,fuel voucher app Stellenbosch
local,fuel voucher app Paarl
local,fuel voucher app George
local,fuel voucher app Knysna
local,fuel voucher app Northern Cape
local,fuel voucher app Kimberley
local,fuel voucher platform South Africa
local,fuel voucher platform Gauteng
local,fuel voucher platform Johannesburg
local,fuel voucher platform Sandton
local,fuel voucher platform Midrand
local,fuel voucher platform Soweto
local,fuel voucher platform Pretoria
local,fuel voucher platform Centurion
local,fuel voucher platform Tshwane
local,fuel voucher platform Ekurhuleni
local,fuel voucher platform Kempton Park
local,fuel voucher platform Boksburg
local,fuel voucher platform Benoni
local,fuel voucher platform Springs
local,fuel voucher platform Vanderbijlpark
local,fuel voucher platform Vereeniging
local,fuel voucher platform KwaZulu-Natal
local,fuel voucher platform Durban
local,fuel voucher platform Umhlanga
local,fuel voucher platform Pinetown
local,fuel voucher platform Pietermaritzburg
local,fuel voucher platform Richards Bay
local,fuel voucher platform Mpumalanga
local,fuel voucher platform Nelspruit
local,fuel voucher platform Mbombela
local,fuel voucher platform Witbank
local,fuel voucher platform eMalahleni
local,fuel voucher platform Limpopo
local,fuel voucher platform Polokwane
local,fuel voucher platform Thohoyandou
local,fuel voucher platform Makhado
local,fuel voucher platform North West
local,fuel voucher platform Rustenburg
local,fuel voucher platform Mahikeng
local,fuel voucher platform Free State
local,fuel voucher platform Bloemfontein
local,fuel voucher platform Welkom
local,fuel voucher platform Eastern Cape
local,fuel voucher platform Gqeberha
local,fuel voucher platform Port Elizabeth
local,fuel voucher platform East London
local,fuel voucher platform Mthatha
local,fuel voucher platform Western Cape
local,fuel voucher platform Cape Town
local,fuel voucher platform Bellville
local,fuel voucher platform Stellenbosch
local,fuel voucher platform Paarl
local,fuel voucher platform George
local,fuel voucher platform Knysna
local,fuel voucher platform Northern Cape
local,fuel voucher platform Kimberley
local,fuel voucher API South Africa
local,fuel voucher API Gauteng
local,fuel voucher API Johannesburg
local,fuel voucher API Sandton
local,fuel voucher API Midrand
local,fuel voucher API Soweto
local,fuel voucher API Pretoria
local,fuel voucher API Centurion
local,fuel voucher API Tshwane
local,fuel voucher API Ekurhuleni
local,fuel voucher API Kempton Park
local,fuel voucher API Boksburg
local,fuel voucher API Benoni
local,fuel voucher API Springs
local,fuel voucher API Vanderbijlpark
local,fuel voucher API Vereeniging
local,fuel voucher API KwaZulu-Natal
local,fuel voucher API Durban
local,fuel voucher API Umhlanga
local,fuel voucher API Pinetown
local,fuel voucher API Pietermaritzburg
local,fuel voucher API Richards Bay
local,fuel voucher API Mpumalanga
local,fuel voucher API Nelspruit
local,fuel voucher API Mbombela
local,fuel voucher API Witbank
local,fuel voucher API eMalahleni
local,fuel voucher API Limpopo
local,fuel voucher API Polokwane
local,fuel voucher API Thohoyandou
local,fuel voucher API Makhado
local,fuel voucher API North West
local,fuel voucher API Rustenburg
local,fuel voucher API Mahikeng
local,fuel voucher API Free State
local,fuel voucher API Bloemfontein
local,fuel voucher API Welkom
local,fuel voucher API Eastern Cape
local,fuel voucher API Gqeberha
local,fuel voucher API Port Elizabeth
local,fuel voucher API East London
local,fuel voucher API Mthatha
local,fuel voucher API Western Cape
local,fuel voucher API Cape Town
local,fuel voucher API Bellville
local,fuel voucher API Stellenbosch
local,fuel voucher API Paarl
local,fuel voucher API George
local,fuel voucher API Knysna
local,fuel voucher API Northern Cape
local,fuel voucher API Kimberley
intent,e-hailing driver finance near me
intent,e-hailing driver finance in South Africa
intent,e-hailing driver finance in Gauteng
intent,e-hailing driver finance in Johannesburg
intent,e-hailing driver finance in Sandton
intent,e-hailing driver finance in Midrand
intent,e-hailing driver finance in Soweto
intent,e-hailing driver finance in Pretoria
intent,e-hailing driver finance in Centurion
intent,e-hailing driver finance in Tshwane
intent,e-hailing driver finance in Ekurhuleni
intent,e-hailing driver finance in Kempton Park
intent,e-hailing driver finance in Boksburg
intent,e-hailing driver finance in Benoni
intent,e-hailing driver finance in Springs
intent,e-hailing driver finance in Vanderbijlpark
intent,e-hailing driver finance in Vereeniging
intent,e-hailing driver finance in KwaZulu-Natal
intent,e-hailing driver finance in Durban
intent,e-hailing driver finance in Umhlanga
intent,e-hailing driver finance in Pinetown
intent,e-hailing driver finance in Pietermaritzburg
intent,e-hailing driver finance in Richards Bay
intent,e-hailing driver finance in Mpumalanga
intent,e-hailing driver finance in Nelspruit
intent,e-hailing driver finance in Mbombela
intent,e-hailing driver finance for {platform} drivers
intent,e-hailing driver finance for taxi drivers
intent,e-hailing driver finance for delivery drivers
intent,e-hailing driver finance for fleet managers
intent,e-hailing driver finance for fuel stations
intent,e-hailing driver finance how it works
intent,e-hailing driver finance pricing
intent,e-hailing driver finance apply
intent,e-hailing driver finance sign up
intent,e-hailing driver finance register
intent,e-hailing driver finance login
intent,e-hailing driver finance contact
intent,e-hailing driver finance support
intent,e-hailing driver finance requirements
intent,e-hailing driver finance documents
intent,e-hailing driver finance verification
intent,e-hailing driver finance instant approval
intent,e-hailing driver finance same day
intent,e-hailing driver finance weekly settlement
intent,e-hailing driver finance bank settlement
intent,e-hailing driver finance reconciliation
intent,e-hailing driver finance audit
intent,e-hailing driver finance compliance
intent,ride-hailing driver finance near me
intent,ride-hailing driver finance in South Africa
intent,ride-hailing driver finance in Gauteng
intent,ride-hailing driver finance in Johannesburg
intent,ride-hailing driver finance in Sandton
intent,ride-hailing driver finance in Midrand
intent,ride-hailing driver finance in Soweto
intent,ride-hailing driver finance in Pretoria
intent,ride-hailing driver finance in Centurion
intent,ride-hailing driver finance in Tshwane
intent,ride-hailing driver finance in Ekurhuleni
intent,ride-hailing driver finance in Kempton Park
intent,ride-hailing driver finance in Boksburg
intent,ride-hailing driver finance in Benoni
intent,ride-hailing driver finance in Springs
intent,ride-hailing driver finance in Vanderbijlpark
intent,ride-hailing driver finance in Vereeniging
intent,ride-hailing driver finance in KwaZulu-Natal
intent,ride-hailing driver finance in Durban
intent,ride-hailing driver finance in Umhlanga
intent,ride-hailing driver finance in Pinetown
intent,ride-hailing driver finance in Pietermaritzburg
intent,ride-hailing driver finance in Richards Bay
intent,ride-hailing driver finance in Mpumalanga
intent,ride-hailing driver finance in Nelspruit
intent,ride-hailing driver finance in Mbombela
intent,ride-hailing driver finance for {platform} drivers
intent,ride-hailing driver finance for taxi drivers
intent,ride-hailing driver finance for delivery drivers
intent,ride-hailing driver finance for fleet managers
intent,ride-hailing driver finance for fuel stations
intent,ride-hailing driver finance how it works
intent,ride-hailing driver finance pricing
intent,ride-hailing driver finance apply
intent,ride-hailing driver finance sign up
intent,ride-hailing driver finance register
intent,ride-hailing driver finance login
intent,ride-hailing driver finance contact
intent,ride-hailing driver finance support
intent,ride-hailing driver finance requirements
intent,ride-hailing driver finance documents
intent,ride-hailing driver finance verification
intent,ride-hailing driver finance instant approval
intent,ride-hailing driver finance same day
intent,ride-hailing driver finance weekly settlement
intent,ride-hailing driver finance bank settlement
intent,ride-hailing driver finance reconciliation
intent,ride-hailing driver finance audit
intent,ride-hailing driver finance compliance
intent,taxi driver fuel credit near me
intent,taxi driver fuel credit in South Africa
intent,taxi driver fuel credit in Gauteng
intent,taxi driver fuel credit in Johannesburg
intent,taxi driver fuel credit in Sandton
intent,taxi driver fuel credit in Midrand
intent,taxi driver fuel credit in Soweto
intent,taxi driver fuel credit in Pretoria
intent,taxi driver fuel credit in Centurion
intent,taxi driver fuel credit in Tshwane
intent,taxi driver fuel credit in Ekurhuleni
intent,taxi driver fuel credit in Kempton Park
intent,taxi driver fuel credit in Boksburg
intent,taxi driver fuel credit in Benoni
intent,taxi driver fuel credit in Springs
intent,taxi driver fuel credit in Vanderbijlpark
intent,taxi driver fuel credit in Vereeniging
intent,taxi driver fuel credit in KwaZulu-Natal
intent,taxi driver fuel credit in Durban
intent,taxi driver fuel credit in Umhlanga
intent,taxi driver fuel credit in Pinetown
intent,taxi driver fuel credit in Pietermaritzburg
intent,taxi driver fuel credit in Richards Bay
intent,taxi driver fuel credit in Mpumalanga
intent,taxi driver fuel credit in Nelspruit
intent,taxi driver fuel credit in Mbombela
intent,taxi driver fuel credit for {platform} drivers
intent,taxi driver fuel credit for taxi drivers
intent,taxi driver fuel credit for delivery drivers
intent,taxi driver fuel credit for fleet managers
intent,taxi driver fuel credit for fuel stations
intent,taxi driver fuel credit how it works
intent,taxi driver fuel credit pricing
intent,taxi driver fuel credit apply
intent,taxi driver fuel credit sign up
intent,taxi driver fuel credit register
intent,taxi driver fuel credit login
intent,taxi driver fuel credit contact
intent,taxi driver fuel credit support
intent,taxi driver fuel credit requirements
intent,taxi driver fuel credit documents
intent,taxi driver fuel credit verification
intent,taxi driver fuel credit instant approval
intent,taxi driver fuel credit same day
intent,taxi driver fuel credit weekly settlement
intent,taxi driver fuel credit bank settlement
intent,taxi driver fuel credit reconciliation
intent,taxi driver fuel credit audit
intent,taxi driver fuel credit compliance
intent,minibus taxi fuel voucher near me
intent,minibus taxi fuel voucher in South Africa
intent,minibus taxi fuel voucher in Gauteng
intent,minibus taxi fuel voucher in Johannesburg
intent,minibus taxi fuel voucher in Sandton
intent,minibus taxi fuel voucher in Midrand
intent,minibus taxi fuel voucher in Soweto
intent,minibus taxi fuel voucher in Pretoria
intent,minibus taxi fuel voucher in Centurion
intent,minibus taxi fuel voucher in Tshwane
intent,minibus taxi fuel voucher in Ekurhuleni
intent,minibus taxi fuel voucher in Kempton Park
intent,minibus taxi fuel voucher in Boksburg
intent,minibus taxi fuel voucher in Benoni
intent,minibus taxi fuel voucher in Springs
intent,minibus taxi fuel voucher in Vanderbijlpark
intent,minibus taxi fuel voucher in Vereeniging
intent,minibus taxi fuel voucher in KwaZulu-Natal
intent,minibus taxi fuel voucher in Durban
intent,minibus taxi fuel voucher in Umhlanga
intent,minibus taxi fuel voucher in Pinetown
intent,minibus taxi fuel voucher in Pietermaritzburg
intent,minibus taxi fuel voucher in Richards Bay
intent,minibus taxi fuel voucher in Mpumalanga
intent,minibus taxi fuel voucher in Nelspruit
intent,minibus taxi fuel voucher in Mbombela
intent,minibus taxi fuel voucher for {platform} drivers
intent,minibus taxi fuel voucher for taxi drivers
intent,minibus taxi fuel voucher for delivery drivers
intent,minibus taxi fuel voucher for fleet managers
intent,minibus taxi fuel voucher for fuel stations
intent,minibus taxi fuel voucher how it works
intent,minibus taxi fuel voucher pricing
intent,minibus taxi fuel voucher apply
intent,minibus taxi fuel voucher sign up
intent,minibus taxi fuel voucher register
intent,minibus taxi fuel voucher login
intent,minibus taxi fuel voucher contact
intent,minibus taxi fuel voucher support
intent,minibus taxi fuel voucher requirements
intent,minibus taxi fuel voucher documents
intent,minibus taxi fuel voucher verification
intent,minibus taxi fuel voucher instant approval
intent,minibus taxi fuel voucher same day
intent,minibus taxi fuel voucher weekly settlement
intent,minibus taxi fuel voucher bank settlement
intent,minibus taxi fuel voucher reconciliation
intent,minibus taxi fuel voucher audit
intent,minibus taxi fuel voucher compliance
intent,driver fuel advance near me
intent,driver fuel advance in South Africa
intent,driver fuel advance in Gauteng
intent,driver fuel advance in Johannesburg
intent,driver fuel advance in Sandton
intent,driver fuel advance in Midrand
intent,driver fuel advance in Soweto
intent,driver fuel advance in Pretoria
intent,driver fuel advance in Centurion
intent,driver fuel advance in Tshwane
intent,driver fuel advance in Ekurhuleni
intent,driver fuel advance in Kempton Park
intent,driver fuel advance in Boksburg
intent,driver fuel advance in Benoni
intent,driver fuel advance in Springs
intent,driver fuel advance in Vanderbijlpark
intent,driver fuel advance in Vereeniging
intent,driver fuel advance in KwaZulu-Natal
intent,driver fuel advance in Durban
intent,driver fuel advance in Umhlanga
intent,driver fuel advance in Pinetown
intent,driver fuel advance in Pietermaritzburg
intent,driver fuel advance in Richards Bay
intent,driver fuel advance in Mpumalanga
intent,driver fuel advance in Nelspruit
intent,driver fuel advance in Mbombela
intent,driver fuel advance for {platform} drivers
intent,driver fuel advance for taxi drivers
intent,driver fuel advance for delivery drivers
intent,driver fuel advance for fleet managers
intent,driver fuel advance for fuel stations
intent,driver fuel advance how it works
intent,driver fuel advance pricing
intent,driver fuel advance apply
intent,driver fuel advance sign up
intent,driver fuel advance register
intent,driver fuel advance login
intent,driver fuel advance contact
intent,driver fuel advance support
intent,driver fuel advance requirements
intent,driver fuel advance documents
intent,driver fuel advance verification
intent,driver fuel advance instant approval
intent,driver fuel advance same day
intent,driver fuel advance weekly settlement
intent,driver fuel advance bank settlement
intent,driver fuel advance reconciliation
intent,driver fuel advance audit
intent,driver fuel advance compliance
intent,driver fuel loan near me
intent,driver fuel loan in South Africa
intent,driver fuel loan in Gauteng
intent,driver fuel loan in Johannesburg
intent,driver fuel loan in Sandton
intent,driver fuel loan in Midrand
intent,driver fuel loan in Soweto
intent,driver fuel loan in Pretoria
intent,driver fuel loan in Centurion
intent,driver fuel loan in Tshwane
intent,driver fuel loan in Ekurhuleni
intent,driver fuel loan in Kempton Park
intent,driver fuel loan in Boksburg
intent,driver fuel loan in Benoni
intent,driver fuel loan in Springs
intent,driver fuel loan in Vanderbijlpark
intent,driver fuel loan in Vereeniging
intent,driver fuel loan in KwaZulu-Natal
intent,driver fuel loan in Durban
intent,driver fuel loan in Umhlanga
intent,driver fuel loan in Pinetown
intent,driver fuel loan in Pietermaritzburg
intent,driver fuel loan in Richards Bay
intent,driver fuel loan in Mpumalanga
intent,driver fuel loan in Nelspruit
intent,driver fuel loan in Mbombela
intent,driver fuel loan for {platform} drivers
intent,driver fuel loan for taxi drivers
intent,driver fuel loan for delivery drivers
intent,driver fuel loan for fleet managers
intent,driver fuel loan for fuel stations
intent,driver fuel loan how it works
intent,driver fuel loan pricing
intent,driver fuel loan apply
intent,driver fuel loan sign up
intent,driver fuel loan register
intent,driver fuel loan login
intent,driver fuel loan contact
intent,driver fuel loan support
intent,driver fuel loan requirements
intent,driver fuel loan documents
intent,driver fuel loan verification
intent,driver fuel loan instant approval
intent,driver fuel loan same day
intent,driver fuel loan weekly settlement
intent,driver fuel loan bank settlement
intent,driver fuel loan reconciliation
intent,driver fuel loan audit
intent,driver fuel loan compliance
intent,fuel for drivers buy now pay later near me
intent,fuel for drivers buy now pay later in South Africa
intent,fuel for drivers buy now pay later in Gauteng
intent,fuel for drivers buy now pay later in Johannesburg
intent,fuel for drivers buy now pay later in Sandton
intent,fuel for drivers buy now pay later in Midrand
intent,fuel for drivers buy now pay later in Soweto
intent,fuel for drivers buy now pay later in Pretoria
intent,fuel for drivers buy now pay later in Centurion
intent,fuel for drivers buy now pay later in Tshwane
intent,fuel for drivers buy now pay later in Ekurhuleni
intent,fuel for drivers buy now pay later in Kempton Park
intent,fuel for drivers buy now pay later in Boksburg
intent,fuel for drivers buy now pay later in Benoni
intent,fuel for drivers buy now pay later in Springs
intent,fuel for drivers buy now pay later in Vanderbijlpark
intent,fuel for drivers buy now pay later in Vereeniging
intent,fuel for drivers buy now pay later in KwaZulu-Natal
intent,fuel for drivers buy now pay later in Durban
intent,fuel for drivers buy now pay later in Umhlanga
intent,fuel for drivers buy now pay later in Pinetown
intent,fuel for drivers buy now pay later in Pietermaritzburg
intent,fuel for drivers buy now pay later in Richards Bay
intent,fuel for drivers buy now pay later in Mpumalanga
intent,fuel for drivers buy now pay later in Nelspruit
intent,fuel for drivers buy now pay later in Mbombela
intent,fuel for drivers buy now pay later for {platform} drivers
intent,fuel for drivers buy now pay later for taxi drivers
intent,fuel for drivers buy now pay later for delivery drivers
intent,fuel for drivers buy now pay later for fleet managers
intent,fuel for drivers buy now pay later for fuel stations
intent,fuel for drivers buy now pay later how it works
intent,fuel for drivers buy now pay later pricing
intent,fuel for drivers buy now pay later apply
intent,fuel for drivers buy now pay later sign up
intent,fuel for drivers buy now pay later register
intent,fuel for drivers buy now pay later login
intent,fuel for drivers buy now pay later contact
intent,fuel for drivers buy now pay later support
intent,fuel for drivers buy now pay later requirements
intent,fuel for drivers buy now pay later documents
intent,fuel for drivers buy now pay later verification
intent,fuel for drivers buy now pay later instant approval
intent,fuel for drivers buy now pay later same day
intent,fuel for drivers buy now pay later weekly settlement
intent,fuel for drivers buy now pay later bank settlement
intent,fuel for drivers buy now pay later reconciliation
intent,fuel for drivers buy now pay later audit
intent,fuel for drivers buy now pay later compliance
intent,fuel voucher for drivers near me
intent,fuel voucher for drivers in South Africa
intent,fuel voucher for drivers in Gauteng
intent,fuel voucher for drivers in Johannesburg
intent,fuel voucher for drivers in Sandton
intent,fuel voucher for drivers in Midrand
intent,fuel voucher for drivers in Soweto
intent,fuel voucher for drivers in Pretoria
intent,fuel voucher for drivers in Centurion
intent,fuel voucher for drivers in Tshwane
intent,fuel voucher for drivers in Ekurhuleni
intent,fuel voucher for drivers in Kempton Park
intent,fuel voucher for drivers in Boksburg
intent,fuel voucher for drivers in Benoni
intent,fuel voucher for drivers in Springs
intent,fuel voucher for drivers in Vanderbijlpark
intent,fuel voucher for drivers in Vereeniging
intent,fuel voucher for drivers in KwaZulu-Natal
intent,fuel voucher for drivers in Durban
intent,fuel voucher for drivers in Umhlanga
intent,fuel voucher for drivers in Pinetown
intent,fuel voucher for drivers in Pietermaritzburg
intent,fuel voucher for drivers in Richards Bay
intent,fuel voucher for drivers in Mpumalanga
intent,fuel voucher for drivers in Nelspruit
intent,fuel voucher for drivers in Mbombela
intent,fuel voucher for drivers for {platform} drivers
intent,fuel voucher for drivers for taxi drivers
intent,fuel voucher for drivers for delivery drivers
intent,fuel voucher for drivers for fleet managers
intent,fuel voucher for drivers for fuel stations
intent,fuel voucher for drivers how it works
intent,fuel voucher for drivers pricing
intent,fuel voucher for drivers apply
intent,fuel voucher for drivers sign up
intent,fuel voucher for drivers register
intent,fuel voucher for drivers login
intent,fuel voucher for drivers contact
intent,fuel voucher for drivers support
intent,fuel voucher for drivers requirements
intent,fuel voucher for drivers documents
intent,fuel voucher for drivers verification
intent,fuel voucher for drivers instant approval
intent,fuel voucher for drivers same day
intent,fuel voucher for drivers weekly settlement
intent,fuel voucher for drivers bank settlement
intent,fuel voucher for drivers reconciliation
intent,fuel voucher for drivers audit
intent,fuel voucher for drivers compliance
intent,fleet fuel voucher near me
intent,fleet fuel voucher in South Africa
intent,fleet fuel voucher in Gauteng
intent,fleet fuel voucher in Johannesburg
intent,fleet fuel voucher in Sandton
intent,fleet fuel voucher in Midrand
intent,fleet fuel voucher in Soweto
intent,fleet fuel voucher in Pretoria
intent,fleet fuel voucher in Centurion
intent,fleet fuel voucher in Tshwane
intent,fleet fuel voucher in Ekurhuleni
intent,fleet fuel voucher in Kempton Park
intent,fleet fuel voucher in Boksburg
intent,fleet fuel voucher in Benoni
intent,fleet fuel voucher in Springs
intent,fleet fuel voucher in Vanderbijlpark
intent,fleet fuel voucher in Vereeniging
intent,fleet fuel voucher in KwaZulu-Natal
intent,fleet fuel voucher in Durban
intent,fleet fuel voucher in Umhlanga
intent,fleet fuel voucher in Pinetown
intent,fleet fuel voucher in Pietermaritzburg
intent,fleet fuel voucher in Richards Bay
intent,fleet fuel voucher in Mpumalanga
intent,fleet fuel voucher in Nelspruit
intent,fleet fuel voucher in Mbombela
intent,fleet fuel voucher for {platform} drivers
intent,fleet fuel voucher for taxi drivers
intent,fleet fuel voucher for delivery drivers
intent,fleet fuel voucher for fleet managers
intent,fleet fuel voucher for fuel stations
intent,fleet fuel voucher how it works
intent,fleet fuel voucher pricing
intent,fleet fuel voucher apply
intent,fleet fuel voucher sign up
intent,fleet fuel voucher register
intent,fleet fuel voucher login
intent,fleet fuel voucher contact
intent,fleet fuel voucher support
intent,fleet fuel voucher requirements
intent,fleet fuel voucher documents
intent,fleet fuel voucher verification
intent,fleet fuel voucher instant approval
intent,fleet fuel voucher same day
intent,fleet fuel voucher weekly settlement
intent,fleet fuel voucher bank settlement
intent,fleet fuel voucher reconciliation
intent,fleet fuel voucher audit
intent,fleet fuel voucher compliance
intent,fleet fuel financing near me
intent,fleet fuel financing in South Africa
intent,fleet fuel financing in Gauteng
intent,fleet fuel financing in Johannesburg
intent,fleet fuel financing in Sandton
intent,fleet fuel financing in Midrand
intent,fleet fuel financing in Soweto
intent,fleet fuel financing in Pretoria
intent,fleet fuel financing in Centurion
intent,fleet fuel financing in Tshwane
intent,fleet fuel financing in Ekurhuleni
intent,fleet fuel financing in Kempton Park
intent,fleet fuel financing in Boksburg
intent,fleet fuel financing in Benoni
intent,fleet fuel financing in Springs
intent,fleet fuel financing in Vanderbijlpark
intent,fleet fuel financing in Vereeniging
intent,fleet fuel financing in KwaZulu-Natal
intent,fleet fuel financing in Durban
intent,fleet fuel financing in Umhlanga
intent,fleet fuel financing in Pinetown
intent,fleet fuel financing in Pietermaritzburg
intent,fleet fuel financing in Richards Bay
intent,fleet fuel financing in Mpumalanga
intent,fleet fuel financing in Nelspruit
intent,fleet fuel financing in Mbombela
intent,fleet fuel financing for {platform} drivers
intent,fleet fuel financing for taxi drivers
intent,fleet fuel financing for delivery drivers
intent,fleet fuel financing for fleet managers
intent,fleet fuel financing for fuel stations
intent,fleet fuel financing how it works
intent,fleet fuel financing pricing
intent,fleet fuel financing apply
intent,fleet fuel financing sign up
intent,fleet fuel financing register
intent,fleet fuel financing login
intent,fleet fuel financing contact
intent,fleet fuel financing support
intent,fleet fuel financing requirements
intent,fleet fuel financing documents
intent,fleet fuel financing verification
intent,fleet fuel financing instant approval
intent,fleet fuel financing same day
intent,fleet fuel financing weekly settlement
intent,fleet fuel financing bank settlement
intent,fleet fuel financing reconciliation
intent,fleet fuel financing audit
intent,fleet fuel financing compliance
intent,fuel voucher redemption near me
intent,fuel voucher redemption in South Africa
intent,fuel voucher redemption in Gauteng
intent,fuel voucher redemption in Johannesburg
intent,fuel voucher redemption in Sandton
intent,fuel voucher redemption in Midrand
intent,fuel voucher redemption in Soweto
intent,fuel voucher redemption in Pretoria
intent,fuel voucher redemption in Centurion
intent,fuel voucher redemption in Tshwane
intent,fuel voucher redemption in Ekurhuleni
intent,fuel voucher redemption in Kempton Park
intent,fuel voucher redemption in Boksburg
intent,fuel voucher redemption in Benoni
intent,fuel voucher redemption in Springs
intent,fuel voucher redemption in Vanderbijlpark
intent,fuel voucher redemption in Vereeniging
intent,fuel voucher redemption in KwaZulu-Natal
intent,fuel voucher redemption in Durban
intent,fuel voucher redemption in Umhlanga
intent,fuel voucher redemption in Pinetown
intent,fuel voucher redemption in Pietermaritzburg
intent,fuel voucher redemption in Richards Bay
intent,fuel voucher redemption in Mpumalanga
intent,fuel voucher redemption in Nelspruit
intent,fuel voucher redemption in Mbombela
intent,fuel voucher redemption for {platform} drivers
intent,fuel voucher redemption for taxi drivers
intent,fuel voucher redemption for delivery drivers
intent,fuel voucher redemption for fleet managers
intent,fuel voucher redemption for fuel stations
intent,fuel voucher redemption how it works
intent,fuel voucher redemption pricing
intent,fuel voucher redemption apply
intent,fuel voucher redemption sign up
intent,fuel voucher redemption register
intent,fuel voucher redemption login
intent,fuel voucher redemption contact
intent,fuel voucher redemption support
intent,fuel voucher redemption requirements
intent,fuel voucher redemption documents
intent,fuel voucher redemption verification
intent,fuel voucher redemption instant approval
intent,fuel voucher redemption same day
intent,fuel voucher redemption weekly settlement
intent,fuel voucher redemption bank settlement
intent,fuel voucher redemption reconciliation
intent,fuel voucher redemption audit
intent,fuel voucher redemption compliance
intent,voucher validation at fuel station near me
intent,voucher validation at fuel station in South Africa
intent,voucher validation at fuel station in Gauteng
intent,voucher validation at fuel station in Johannesburg
intent,voucher validation at fuel station in Sandton
intent,voucher validation at fuel station in Midrand
intent,voucher validation at fuel station in Soweto
intent,voucher validation at fuel station in Pretoria
intent,voucher validation at fuel station in Centurion
intent,voucher validation at fuel station in Tshwane
intent,voucher validation at fuel station in Ekurhuleni
intent,voucher validation at fuel station in Kempton Park
intent,voucher validation at fuel station in Boksburg
intent,voucher validation at fuel station in Benoni
intent,voucher validation at fuel station in Springs
intent,voucher validation at fuel station in Vanderbijlpark
intent,voucher validation at fuel station in Vereeniging
intent,voucher validation at fuel station in KwaZulu-Natal
intent,voucher validation at fuel station in Durban
intent,voucher validation at fuel station in Umhlanga
intent,voucher validation at fuel station in Pinetown
intent,voucher validation at fuel station in Pietermaritzburg
intent,voucher validation at fuel station in Richards Bay
intent,voucher validation at fuel station in Mpumalanga
intent,voucher validation at fuel station in Nelspruit
intent,voucher validation at fuel station in Mbombela
intent,voucher validation at fuel station for {platform} drivers
intent,voucher validation at fuel station for taxi drivers
intent,voucher validation at fuel station for delivery drivers
intent,voucher validation at fuel station for fleet managers
intent,voucher validation at fuel station for fuel stations
intent,voucher validation at fuel station how it works
intent,voucher validation at fuel station pricing
intent,voucher validation at fuel station apply
intent,voucher validation at fuel station sign up
intent,voucher validation at fuel station register
intent,voucher validation at fuel station login
intent,voucher validation at fuel station contact
intent,voucher validation at fuel station support
intent,voucher validation at fuel station requirements
intent,voucher validation at fuel station documents
intent,voucher validation at fuel station verification
intent,voucher validation at fuel station instant approval
intent,voucher validation at fuel station same day
intent,voucher validation at fuel station weekly settlement
intent,voucher validation at fuel station bank settlement
intent,voucher validation at fuel station reconciliation
intent,voucher validation at fuel station audit
intent,voucher validation at fuel station compliance
intent,station voucher redemption system near me
intent,station voucher redemption system in South Africa
intent,station voucher redemption system in Gauteng
intent,station voucher redemption system in Johannesburg
intent,station voucher redemption system in Sandton
intent,station voucher redemption system in Midrand
intent,station voucher redemption system in Soweto
intent,station voucher redemption system in Pretoria
intent,station voucher redemption system in Centurion
intent,station voucher redemption system in Tshwane
intent,station voucher redemption system in Ekurhuleni
intent,station voucher redemption system in Kempton Park
intent,station voucher redemption system in Boksburg
intent,station voucher redemption system in Benoni
intent,station voucher redemption system in Springs
intent,station voucher redemption system in Vanderbijlpark
intent,station voucher redemption system in Vereeniging
intent,station voucher redemption system in KwaZulu-Natal
intent,station voucher redemption system in Durban
intent,station voucher redemption system in Umhlanga
intent,station voucher redemption system in Pinetown
intent,station voucher redemption system in Pietermaritzburg
intent,station voucher redemption system in Richards Bay
intent,station voucher redemption system in Mpumalanga
intent,station voucher redemption system in Nelspruit
intent,station voucher redemption system in Mbombela
intent,station voucher redemption system for {platform} drivers
intent,station voucher redemption system for taxi drivers
intent,station voucher redemption system for delivery drivers
intent,station voucher redemption system for fleet managers
intent,station voucher redemption system for fuel stations
intent,station voucher redemption system how it works
intent,station voucher redemption system pricing
intent,station voucher redemption system apply
intent,station voucher redemption system sign up
intent,station voucher redemption system register
intent,station voucher redemption system login
intent,station voucher redemption system contact
intent,station voucher redemption system support
intent,station voucher redemption system requirements
intent,station voucher redemption system documents
intent,station voucher redemption system verification
intent,station voucher redemption system instant approval
intent,station voucher redemption system same day
intent,station voucher redemption system weekly settlement
intent,station voucher redemption system bank settlement
intent,station voucher redemption system reconciliation
intent,station voucher redemption system audit
intent,station voucher redemption system compliance
intent,fuel voucher fraud prevention near me
intent,fuel voucher fraud prevention in South Africa
intent,fuel voucher fraud prevention in Gauteng
intent,fuel voucher fraud prevention in Johannesburg
intent,fuel voucher fraud prevention in Sandton
intent,fuel voucher fraud prevention in Midrand
intent,fuel voucher fraud prevention in Soweto
intent,fuel voucher fraud prevention in Pretoria
intent,fuel voucher fraud prevention in Centurion
intent,fuel voucher fraud prevention in Tshwane
intent,fuel voucher fraud prevention in Ekurhuleni
intent,fuel voucher fraud prevention in Kempton Park
intent,fuel voucher fraud prevention in Boksburg
intent,fuel voucher fraud prevention in Benoni
intent,fuel voucher fraud prevention in Springs
intent,fuel voucher fraud prevention in Vanderbijlpark
intent,fuel voucher fraud prevention in Vereeniging
intent,fuel voucher fraud prevention in KwaZulu-Natal
intent,fuel voucher fraud prevention in Durban
intent,fuel voucher fraud prevention in Umhlanga
intent,fuel voucher fraud prevention in Pinetown
intent,fuel voucher fraud prevention in Pietermaritzburg
intent,fuel voucher fraud prevention in Richards Bay
intent,fuel voucher fraud prevention in Mpumalanga
intent,fuel voucher fraud prevention in Nelspruit
intent,fuel voucher fraud prevention in Mbombela
intent,fuel voucher fraud prevention for {platform} drivers
intent,fuel voucher fraud prevention for taxi drivers
intent,fuel voucher fraud prevention for delivery drivers
intent,fuel voucher fraud prevention for fleet managers
intent,fuel voucher fraud prevention for fuel stations
intent,fuel voucher fraud prevention how it works
intent,fuel voucher fraud prevention pricing
intent,fuel voucher fraud prevention apply
intent,fuel voucher fraud prevention sign up
intent,fuel voucher fraud prevention register
intent,fuel voucher fraud prevention login
intent,fuel voucher fraud prevention contact
intent,fuel voucher fraud prevention support
intent,fuel voucher fraud prevention requirements
intent,fuel voucher fraud prevention documents
intent,fuel voucher fraud prevention verification
intent,fuel voucher fraud prevention instant approval
intent,fuel voucher fraud prevention same day
intent,fuel voucher fraud prevention weekly settlement
intent,fuel voucher fraud prevention bank settlement
intent,fuel voucher fraud prevention reconciliation
intent,fuel voucher fraud prevention audit
intent,fuel voucher fraud prevention compliance
intent,fuel voucher POS integration near me
intent,fuel voucher POS integration in South Africa
intent,fuel voucher POS integration in Gauteng
intent,fuel voucher POS integration in Johannesburg
intent,fuel voucher POS integration in Sandton
intent,fuel voucher POS integration in Midrand
intent,fuel voucher POS integration in Soweto
intent,fuel voucher POS integration in Pretoria
intent,fuel voucher POS integration in Centurion
intent,fuel voucher POS integration in Tshwane
intent,fuel voucher POS integration in Ekurhuleni
intent,fuel voucher POS integration in Kempton Park
intent,fuel voucher POS integration in Boksburg
intent,fuel voucher POS integration in Benoni
intent,fuel voucher POS integration in Springs
intent,fuel voucher POS integration in Vanderbijlpark
intent,fuel voucher POS integration in Vereeniging
intent,fuel voucher POS integration in KwaZulu-Natal
intent,fuel voucher POS integration in Durban
intent,fuel voucher POS integration in Umhlanga
intent,fuel voucher POS integration in Pinetown
intent,fuel voucher POS integration in Pietermaritzburg
intent,fuel voucher POS integration in Richards Bay
intent,fuel voucher POS integration in Mpumalanga
intent,fuel voucher POS integration in Nelspruit
intent,fuel voucher POS integration in Mbombela
intent,fuel voucher POS integration for {platform} drivers
intent,fuel voucher POS integration for taxi drivers
intent,fuel voucher POS integration for delivery drivers
intent,fuel voucher POS integration for fleet managers
intent,fuel voucher POS integration for fuel stations
intent,fuel voucher POS integration how it works
intent,fuel voucher POS integration pricing
intent,fuel voucher POS integration apply
intent,fuel voucher POS integration sign up
intent,fuel voucher POS integration register
intent,fuel voucher POS integration login
intent,fuel voucher POS integration contact
intent,fuel voucher POS integration support
intent,fuel voucher POS integration requirements
intent,fuel voucher POS integration documents
intent,fuel voucher POS integration verification
intent,fuel voucher POS integration instant approval
intent,fuel voucher POS integration same day
intent,fuel voucher POS integration weekly settlement
intent,fuel voucher POS integration bank settlement
intent,fuel voucher POS integration reconciliation
intent,fuel voucher POS integration audit
intent,fuel voucher POS integration compliance
intent,driver wallet voucher near me
intent,driver wallet voucher in South Africa
intent,driver wallet voucher in Gauteng
intent,driver wallet voucher in Johannesburg
intent,driver wallet voucher in Sandton
intent,driver wallet voucher in Midrand
intent,driver wallet voucher in Soweto
intent,driver wallet voucher in Pretoria
intent,driver wallet voucher in Centurion
intent,driver wallet voucher in Tshwane
intent,driver wallet voucher in Ekurhuleni
intent,driver wallet voucher in Kempton Park
intent,driver wallet voucher in Boksburg
intent,driver wallet voucher in Benoni
intent,driver wallet voucher in Springs
intent,driver wallet voucher in Vanderbijlpark
intent,driver wallet voucher in Vereeniging
intent,driver wallet voucher in KwaZulu-Natal
intent,driver wallet voucher in Durban
intent,driver wallet voucher in Umhlanga
intent,driver wallet voucher in Pinetown
intent,driver wallet voucher in Pietermaritzburg
intent,driver wallet voucher in Richards Bay
intent,driver wallet voucher in Mpumalanga
intent,driver wallet voucher in Nelspruit
intent,driver wallet voucher in Mbombela
intent,driver wallet voucher for {platform} drivers
intent,driver wallet voucher for taxi drivers
intent,driver wallet voucher for delivery drivers
intent,driver wallet voucher for fleet managers
intent,driver wallet voucher for fuel stations
intent,driver wallet voucher how it works
intent,driver wallet voucher pricing
intent,driver wallet voucher apply
intent,driver wallet voucher sign up
intent,driver wallet voucher register
intent,driver wallet voucher login
intent,driver wallet voucher contact
intent,driver wallet voucher support
intent,driver wallet voucher requirements
intent,driver wallet voucher documents
intent,driver wallet voucher verification
intent,driver wallet voucher instant approval
intent,driver wallet voucher same day
intent,driver wallet voucher weekly settlement
intent,driver wallet voucher bank settlement
intent,driver wallet voucher reconciliation
intent,driver wallet voucher audit
intent,driver wallet voucher compliance
intent,voucher settlement to bank near me
intent,voucher settlement to bank in South Africa
intent,voucher settlement to bank in Gauteng
intent,voucher settlement to bank in Johannesburg
intent,voucher settlement to bank in Sandton
intent,voucher settlement to bank in Midrand
intent,voucher settlement to bank in Soweto
intent,voucher settlement to bank in Pretoria
intent,voucher settlement to bank in Centurion
intent,voucher settlement to bank in Tshwane
intent,voucher settlement to bank in Ekurhuleni
intent,voucher settlement to bank in Kempton Park
intent,voucher settlement to bank in Boksburg
intent,voucher settlement to bank in Benoni
intent,voucher settlement to bank in Springs
intent,voucher settlement to bank in Vanderbijlpark
intent,voucher settlement to bank in Vereeniging
intent,voucher settlement to bank in KwaZulu-Natal
intent,voucher settlement to bank in Durban
intent,voucher settlement to bank in Umhlanga
intent,voucher settlement to bank in Pinetown
intent,voucher settlement to bank in Pietermaritzburg
intent,voucher settlement to bank in Richards Bay
intent,voucher settlement to bank in Mpumalanga
intent,voucher settlement to bank in Nelspruit
intent,voucher settlement to bank in Mbombela
intent,voucher settlement to bank for {platform} drivers
intent,voucher settlement to bank for taxi drivers
intent,voucher settlement to bank for delivery drivers
intent,voucher settlement to bank for fleet managers
intent,voucher settlement to bank for fuel stations
intent,voucher settlement to bank how it works
intent,voucher settlement to bank pricing
intent,voucher settlement to bank apply
intent,voucher settlement to bank sign up
intent,voucher settlement to bank register
intent,voucher settlement to bank login
intent,voucher settlement to bank contact
intent,voucher settlement to bank support
intent,voucher settlement to bank requirements
intent,voucher settlement to bank documents
intent,voucher settlement to bank verification
intent,voucher settlement to bank instant approval
intent,voucher settlement to bank same day
intent,voucher settlement to bank weekly settlement
intent,voucher settlement to bank bank settlement
intent,voucher settlement to bank reconciliation
intent,voucher settlement to bank audit
intent,voucher settlement to bank compliance
intent,fuel settlement reconciliation near me
intent,fuel settlement reconciliation in South Africa
intent,fuel settlement reconciliation in Gauteng
intent,fuel settlement reconciliation in Johannesburg
intent,fuel settlement reconciliation in Sandton
intent,fuel settlement reconciliation in Midrand
intent,fuel settlement reconciliation in Soweto
intent,fuel settlement reconciliation in Pretoria
intent,fuel settlement reconciliation in Centurion
intent,fuel settlement reconciliation in Tshwane
intent,fuel settlement reconciliation in Ekurhuleni
intent,fuel settlement reconciliation in Kempton Park
intent,fuel settlement reconciliation in Boksburg
intent,fuel settlement reconciliation in Benoni
intent,fuel settlement reconciliation in Springs
intent,fuel settlement reconciliation in Vanderbijlpark
intent,fuel settlement reconciliation in Vereeniging
intent,fuel settlement reconciliation in KwaZulu-Natal
intent,fuel settlement reconciliation in Durban
intent,fuel settlement reconciliation in Umhlanga
intent,fuel settlement reconciliation in Pinetown
intent,fuel settlement reconciliation in Pietermaritzburg
intent,fuel settlement reconciliation in Richards Bay
intent,fuel settlement reconciliation in Mpumalanga
intent,fuel settlement reconciliation in Nelspruit
intent,fuel settlement reconciliation in Mbombela
intent,fuel settlement reconciliation for {platform} drivers
intent,fuel settlement reconciliation for taxi drivers
intent,fuel settlement reconciliation for delivery drivers
intent,fuel settlement reconciliation for fleet managers
intent,fuel settlement reconciliation for fuel stations
intent,fuel settlement reconciliation how it works
intent,fuel settlement reconciliation pricing
intent,fuel settlement reconciliation apply
intent,fuel settlement reconciliation sign up
intent,fuel settlement reconciliation register
intent,fuel settlement reconciliation login
intent,fuel settlement reconciliation contact
intent,fuel settlement reconciliation support
intent,fuel settlement reconciliation requirements
intent,fuel settlement reconciliation documents
intent,fuel settlement reconciliation verification
intent,fuel settlement reconciliation instant approval
intent,fuel settlement reconciliation same day
intent,fuel settlement reconciliation weekly settlement
intent,fuel settlement reconciliation bank settlement
intent,fuel settlement reconciliation reconciliation
intent,fuel settlement reconciliation audit
intent,fuel settlement reconciliation compliance
intent,fleet spend controls fuel near me
intent,fleet spend controls fuel in South Africa
intent,fleet spend controls fuel in Gauteng
intent,fleet spend controls fuel in Johannesburg
intent,fleet spend controls fuel in Sandton
intent,fleet spend controls fuel in Midrand
intent,fleet spend controls fuel in Soweto
intent,fleet spend controls fuel in Pretoria
intent,fleet spend controls fuel in Centurion
intent,fleet spend controls fuel in Tshwane
intent,fleet spend controls fuel in Ekurhuleni
intent,fleet spend controls fuel in Kempton Park
intent,fleet spend controls fuel in Boksburg
intent,fleet spend controls fuel in Benoni
intent,fleet spend controls fuel in Springs
intent,fleet spend controls fuel in Vanderbijlpark
intent,fleet spend controls fuel in Vereeniging
intent,fleet spend controls fuel in KwaZulu-Natal
intent,fleet spend controls fuel in Durban
intent,fleet spend controls fuel in Umhlanga
intent,fleet spend controls fuel in Pinetown
intent,fleet spend controls fuel in Pietermaritzburg
intent,fleet spend controls fuel in Richards Bay
intent,fleet spend controls fuel in Mpumalanga
intent,fleet spend controls fuel in Nelspruit
intent,fleet spend controls fuel in Mbombela
intent,fleet spend controls fuel for {platform} drivers
intent,fleet spend controls fuel for taxi drivers
intent,fleet spend controls fuel for delivery drivers
intent,fleet spend controls fuel for fleet managers
intent,fleet spend controls fuel for fuel stations
intent,fleet spend controls fuel how it works
intent,fleet spend controls fuel pricing
intent,fleet spend controls fuel apply
intent,fleet spend controls fuel sign up
intent,fleet spend controls fuel register
intent,fleet spend controls fuel login
intent,fleet spend controls fuel contact
intent,fleet spend controls fuel support
intent,fleet spend controls fuel requirements
intent,fleet spend controls fuel documents
intent,fleet spend controls fuel verification
intent,fleet spend controls fuel instant approval
intent,fleet spend controls fuel same day
intent,fleet spend controls fuel weekly settlement
intent,fleet spend controls fuel bank settlement
intent,fleet spend controls fuel reconciliation
intent,fleet spend controls fuel audit
intent,fleet spend controls fuel compliance
intent,driver spend controls near me
intent,driver spend controls in South Africa
intent,driver spend controls in Gauteng
intent,driver spend controls in Johannesburg
intent,driver spend controls in Sandton
intent,driver spend controls in Midrand
intent,driver spend controls in Soweto
intent,driver spend controls in Pretoria
intent,driver spend controls in Centurion
intent,driver spend controls in Tshwane
intent,driver spend controls in Ekurhuleni
intent,driver spend controls in Kempton Park
intent,driver spend controls in Boksburg
intent,driver spend controls in Benoni
intent,driver spend controls in Springs
intent,driver spend controls in Vanderbijlpark
intent,driver spend controls in Vereeniging
intent,driver spend controls in KwaZulu-Natal
intent,driver spend controls in Durban
intent,driver spend controls in Umhlanga
intent,driver spend controls in Pinetown
intent,driver spend controls in Pietermaritzburg
intent,driver spend controls in Richards Bay
intent,driver spend controls in Mpumalanga
intent,driver spend controls in Nelspruit
intent,driver spend controls in Mbombela
intent,driver spend controls for {platform} drivers
intent,driver spend controls for taxi drivers
intent,driver spend controls for delivery drivers
intent,driver spend controls for fleet managers
intent,driver spend controls for fuel stations
intent,driver spend controls how it works
intent,driver spend controls pricing
intent,driver spend controls apply
intent,driver spend controls sign up
intent,driver spend controls register
intent,driver spend controls login
intent,driver spend controls contact
intent,driver spend controls support
intent,driver spend controls requirements
intent,driver spend controls documents
intent,driver spend controls verification
intent,driver spend controls instant approval
intent,driver spend controls same day
intent,driver spend controls weekly settlement
intent,driver spend controls bank settlement
intent,driver spend controls reconciliation
intent,driver spend controls audit
intent,driver spend controls compliance
intent,fuel voucher audit trail near me
intent,fuel voucher audit trail in South Africa
intent,fuel voucher audit trail in Gauteng
intent,fuel voucher audit trail in Johannesburg
intent,fuel voucher audit trail in Sandton
intent,fuel voucher audit trail in Midrand
intent,fuel voucher audit trail in Soweto
intent,fuel voucher audit trail in Pretoria
intent,fuel voucher audit trail in Centurion
intent,fuel voucher audit trail in Tshwane
intent,fuel voucher audit trail in Ekurhuleni
intent,fuel voucher audit trail in Kempton Park
intent,fuel voucher audit trail in Boksburg
intent,fuel voucher audit trail in Benoni
intent,fuel voucher audit trail in Springs
intent,fuel voucher audit trail in Vanderbijlpark
intent,fuel voucher audit trail in Vereeniging
intent,fuel voucher audit trail in KwaZulu-Natal
intent,fuel voucher audit trail in Durban
intent,fuel voucher audit trail in Umhlanga
intent,fuel voucher audit trail in Pinetown
intent,fuel voucher audit trail in Pietermaritzburg
intent,fuel voucher audit trail in Richards Bay
intent,fuel voucher audit trail in Mpumalanga
intent,fuel voucher audit trail in Nelspruit
intent,fuel voucher audit trail in Mbombela
intent,fuel voucher audit trail for {platform} drivers
intent,fuel voucher audit trail for taxi drivers
intent,fuel voucher audit trail for delivery drivers
intent,fuel voucher audit trail for fleet managers
intent,fuel voucher audit trail for fuel stations
intent,fuel voucher audit trail how it works
intent,fuel voucher audit trail pricing
intent,fuel voucher audit trail apply
intent,fuel voucher audit trail sign up
intent,fuel voucher audit trail register
intent,fuel voucher audit trail login
intent,fuel voucher audit trail contact
intent,fuel voucher audit trail support
intent,fuel voucher audit trail requirements
intent,fuel voucher audit trail documents
intent,fuel voucher audit trail verification
intent,fuel voucher audit trail instant approval
intent,fuel voucher audit trail same day
intent,fuel voucher audit trail weekly settlement
intent,fuel voucher audit trail bank settlement
intent,fuel voucher audit trail reconciliation
intent,fuel voucher audit trail audit
intent,fuel voucher audit trail compliance
intent,fuel voucher reporting near me
intent,fuel voucher reporting in South Africa
intent,fuel voucher reporting in Gauteng
intent,fuel voucher reporting in Johannesburg
intent,fuel voucher reporting in Sandton
intent,fuel voucher reporting in Midrand
intent,fuel voucher reporting in Soweto
intent,fuel voucher reporting in Pretoria
intent,fuel voucher reporting in Centurion
intent,fuel voucher reporting in Tshwane
intent,fuel voucher reporting in Ekurhuleni
intent,fuel voucher reporting in Kempton Park
intent,fuel voucher reporting in Boksburg
intent,fuel voucher reporting in Benoni
intent,fuel voucher reporting in Springs
intent,fuel voucher reporting in Vanderbijlpark
intent,fuel voucher reporting in Vereeniging
intent,fuel voucher reporting in KwaZulu-Natal
intent,fuel voucher reporting in Durban
intent,fuel voucher reporting in Umhlanga
intent,fuel voucher reporting in Pinetown
intent,fuel voucher reporting in Pietermaritzburg
intent,fuel voucher reporting in Richards Bay
intent,fuel voucher reporting in Mpumalanga
intent,fuel voucher reporting in Nelspruit
intent,fuel voucher reporting in Mbombela
intent,fuel voucher reporting for {platform} drivers
intent,fuel voucher reporting for taxi drivers
intent,fuel voucher reporting for delivery drivers
intent,fuel voucher reporting for fleet managers
intent,fuel voucher reporting for fuel stations
intent,fuel voucher reporting how it works
intent,fuel voucher reporting pricing
intent,fuel voucher reporting apply
intent,fuel voucher reporting sign up
intent,fuel voucher reporting register
intent,fuel voucher reporting login
intent,fuel voucher reporting contact
intent,fuel voucher reporting support
intent,fuel voucher reporting requirements
intent,fuel voucher reporting documents
intent,fuel voucher reporting verification
intent,fuel voucher reporting instant approval
intent,fuel voucher reporting same day
intent,fuel voucher reporting weekly settlement
intent,fuel voucher reporting bank settlement
intent,fuel voucher reporting reconciliation
intent,fuel voucher reporting audit
intent,fuel voucher reporting compliance
intent,merchant voucher settlement near me
intent,merchant voucher settlement in South Africa
intent,merchant voucher settlement in Gauteng
intent,merchant voucher settlement in Johannesburg
intent,merchant voucher settlement in Sandton
intent,merchant voucher settlement in Midrand
intent,merchant voucher settlement in Soweto
intent,merchant voucher settlement in Pretoria
intent,merchant voucher settlement in Centurion
intent,merchant voucher settlement in Tshwane
intent,merchant voucher settlement in Ekurhuleni
intent,merchant voucher settlement in Kempton Park
intent,merchant voucher settlement in Boksburg
intent,merchant voucher settlement in Benoni
intent,merchant voucher settlement in Springs
intent,merchant voucher settlement in Vanderbijlpark
intent,merchant voucher settlement in Vereeniging
intent,merchant voucher settlement in KwaZulu-Natal
intent,merchant voucher settlement in Durban
intent,merchant voucher settlement in Umhlanga
intent,merchant voucher settlement in Pinetown
intent,merchant voucher settlement in Pietermaritzburg
intent,merchant voucher settlement in Richards Bay
intent,merchant voucher settlement in Mpumalanga
intent,merchant voucher settlement in Nelspruit
intent,merchant voucher settlement in Mbombela
intent,merchant voucher settlement for {platform} drivers
intent,merchant voucher settlement for taxi drivers
intent,merchant voucher settlement for delivery drivers
intent,merchant voucher settlement for fleet managers
intent,merchant voucher settlement for fuel stations
intent,merchant voucher settlement how it works
intent,merchant voucher settlement pricing
intent,merchant voucher settlement apply
intent,merchant voucher settlement sign up
intent,merchant voucher settlement register
intent,merchant voucher settlement login
intent,merchant voucher settlement contact
intent,merchant voucher settlement support
intent,merchant voucher settlement requirements
intent,merchant voucher settlement documents
intent,merchant voucher settlement verification
intent,merchant voucher settlement instant approval
intent,merchant voucher settlement same day
intent,merchant voucher settlement weekly settlement
intent,merchant voucher settlement bank settlement
intent,merchant voucher settlement reconciliation
intent,merchant voucher settlement audit
intent,merchant voucher settlement compliance
intent,merchant fuel voucher payout near me
intent,merchant fuel voucher payout in South Africa
intent,merchant fuel voucher payout in Gauteng
intent,merchant fuel voucher payout in Johannesburg
intent,merchant fuel voucher payout in Sandton
intent,merchant fuel voucher payout in Midrand
intent,merchant fuel voucher payout in Soweto
intent,merchant fuel voucher payout in Pretoria
intent,merchant fuel voucher payout in Centurion
intent,merchant fuel voucher payout in Tshwane
intent,merchant fuel voucher payout in Ekurhuleni
intent,merchant fuel voucher payout in Kempton Park
intent,merchant fuel voucher payout in Boksburg
intent,merchant fuel voucher payout in Benoni
intent,merchant fuel voucher payout in Springs
intent,merchant fuel voucher payout in Vanderbijlpark
intent,merchant fuel voucher payout in Vereeniging
intent,merchant fuel voucher payout in KwaZulu-Natal
intent,merchant fuel voucher payout in Durban
intent,merchant fuel voucher payout in Umhlanga
intent,merchant fuel voucher payout in Pinetown
intent,merchant fuel voucher payout in Pietermaritzburg
intent,merchant fuel voucher payout in Richards Bay
intent,merchant fuel voucher payout in Mpumalanga
intent,merchant fuel voucher payout in Nelspruit
intent,merchant fuel voucher payout in Mbombela
intent,merchant fuel voucher payout for {platform} drivers
intent,merchant fuel voucher payout for taxi drivers
intent,merchant fuel voucher payout for delivery drivers
intent,merchant fuel voucher payout for fleet managers
intent,merchant fuel voucher payout for fuel stations
intent,merchant fuel voucher payout how it works
intent,merchant fuel voucher payout pricing
intent,merchant fuel voucher payout apply
intent,merchant fuel voucher payout sign up
intent,merchant fuel voucher payout register
intent,merchant fuel voucher payout login
intent,merchant fuel voucher payout contact
intent,merchant fuel voucher payout support
intent,merchant fuel voucher payout requirements
intent,merchant fuel voucher payout documents
intent,merchant fuel voucher payout verification
intent,merchant fuel voucher payout instant approval
intent,merchant fuel voucher payout same day
intent,merchant fuel voucher payout weekly settlement
intent,merchant fuel voucher payout bank settlement
intent,merchant fuel voucher payout reconciliation
intent,merchant fuel voucher payout audit
intent,merchant fuel voucher payout compliance
intent,fuel station settlement software near me
intent,fuel station settlement software in South Africa
intent,fuel station settlement software in Gauteng
intent,fuel station settlement software in Johannesburg
intent,fuel station settlement software in Sandton
intent,fuel station settlement software in Midrand
intent,fuel station settlement software in Soweto
intent,fuel station settlement software in Pretoria
intent,fuel station settlement software in Centurion
intent,fuel station settlement software in Tshwane
intent,fuel station settlement software in Ekurhuleni
intent,fuel station settlement software in Kempton Park
intent,fuel station settlement software in Boksburg
intent,fuel station settlement software in Benoni
intent,fuel station settlement software in Springs
intent,fuel station settlement software in Vanderbijlpark
intent,fuel station settlement software in Vereeniging
intent,fuel station settlement software in KwaZulu-Natal
intent,fuel station settlement software in Durban
intent,fuel station settlement software in Umhlanga
intent,fuel station settlement software in Pinetown
intent,fuel station settlement software in Pietermaritzburg
intent,fuel station settlement software in Richards Bay
intent,fuel station settlement software in Mpumalanga
intent,fuel station settlement software in Nelspruit
intent,fuel station settlement software in Mbombela
intent,fuel station settlement software for {platform} drivers
intent,fuel station settlement software for taxi drivers
intent,fuel station settlement software for delivery drivers
intent,fuel station settlement software for fleet managers
intent,fuel station settlement software for fuel stations
intent,fuel station settlement software how it works
intent,fuel station settlement software pricing
intent,fuel station settlement software apply
intent,fuel station settlement software sign up
intent,fuel station settlement software register
intent,fuel station settlement software login
intent,fuel station settlement software contact
intent,fuel station settlement software support
intent,fuel station settlement software requirements
intent,fuel station settlement software documents
intent,fuel station settlement software verification
intent,fuel station settlement software instant approval
intent,fuel station settlement software same day
intent,fuel station settlement software weekly settlement
intent,fuel station settlement software bank settlement
intent,fuel station settlement software reconciliation
intent,fuel station settlement software audit
intent,fuel station settlement software compliance
intent,fuel station voucher scanning near me
intent,fuel station voucher scanning in South Africa
intent,fuel station voucher scanning in Gauteng
intent,fuel station voucher scanning in Johannesburg
intent,fuel station voucher scanning in Sandton
intent,fuel station voucher scanning in Midrand
intent,fuel station voucher scanning in Soweto
intent,fuel station voucher scanning in Pretoria
intent,fuel station voucher scanning in Centurion
intent,fuel station voucher scanning in Tshwane
intent,fuel station voucher scanning in Ekurhuleni
intent,fuel station voucher scanning in Kempton Park
intent,fuel station voucher scanning in Boksburg
intent,fuel station voucher scanning in Benoni
intent,fuel station voucher scanning in Springs
intent,fuel station voucher scanning in Vanderbijlpark
intent,fuel station voucher scanning in Vereeniging
intent,fuel station voucher scanning in KwaZulu-Natal
intent,fuel station voucher scanning in Durban
intent,fuel station voucher scanning in Umhlanga
intent,fuel station voucher scanning in Pinetown
intent,fuel station voucher scanning in Pietermaritzburg
intent,fuel station voucher scanning in Richards Bay
intent,fuel station voucher scanning in Mpumalanga
intent,fuel station voucher scanning in Nelspruit
intent,fuel station voucher scanning in Mbombela
intent,fuel station voucher scanning for {platform} drivers
intent,fuel station voucher scanning for taxi drivers
intent,fuel station voucher scanning for delivery drivers
intent,fuel station voucher scanning for fleet managers
intent,fuel station voucher scanning for fuel stations
intent,fuel station voucher scanning how it works
intent,fuel station voucher scanning pricing
intent,fuel station voucher scanning apply
intent,fuel station voucher scanning sign up
intent,fuel station voucher scanning register
intent,fuel station voucher scanning login
intent,fuel station voucher scanning contact
intent,fuel station voucher scanning support
intent,fuel station voucher scanning requirements
intent,fuel station voucher scanning documents
intent,fuel station voucher scanning verification
intent,fuel station voucher scanning instant approval
intent,fuel station voucher scanning same day
intent,fuel station voucher scanning weekly settlement
intent,fuel station voucher scanning bank settlement
intent,fuel station voucher scanning reconciliation
intent,fuel station voucher scanning audit
intent,fuel station voucher scanning compliance
intent,voucher QR code fuel near me
intent,voucher QR code fuel in South Africa
intent,voucher QR code fuel in Gauteng
intent,voucher QR code fuel in Johannesburg
intent,voucher QR code fuel in Sandton
intent,voucher QR code fuel in Midrand
intent,voucher QR code fuel in Soweto
intent,voucher QR code fuel in Pretoria
intent,voucher QR code fuel in Centurion
intent,voucher QR code fuel in Tshwane
intent,voucher QR code fuel in Ekurhuleni
intent,voucher QR code fuel in Kempton Park
intent,voucher QR code fuel in Boksburg
intent,voucher QR code fuel in Benoni
intent,voucher QR code fuel in Springs
intent,voucher QR code fuel in Vanderbijlpark
intent,voucher QR code fuel in Vereeniging
intent,voucher QR code fuel in KwaZulu-Natal
intent,voucher QR code fuel in Durban
intent,voucher QR code fuel in Umhlanga
intent,voucher QR code fuel in Pinetown
intent,voucher QR code fuel in Pietermaritzburg
intent,voucher QR code fuel in Richards Bay
intent,voucher QR code fuel in Mpumalanga
intent,voucher QR code fuel in Nelspruit
intent,voucher QR code fuel in Mbombela
intent,voucher QR code fuel for {platform} drivers
intent,voucher QR code fuel for taxi drivers
intent,voucher QR code fuel for delivery drivers
intent,voucher QR code fuel for fleet managers
intent,voucher QR code fuel for fuel stations
intent,voucher QR code fuel how it works
intent,voucher QR code fuel pricing
intent,voucher QR code fuel apply
intent,voucher QR code fuel sign up
intent,voucher QR code fuel register
intent,voucher QR code fuel login
intent,voucher QR code fuel contact
intent,voucher QR code fuel support
intent,voucher QR code fuel requirements
intent,voucher QR code fuel documents
intent,voucher QR code fuel verification
intent,voucher QR code fuel instant approval
intent,voucher QR code fuel same day
intent,voucher QR code fuel weekly settlement
intent,voucher QR code fuel bank settlement
intent,voucher QR code fuel reconciliation
intent,voucher QR code fuel audit
intent,voucher QR code fuel compliance
intent,voucher OTP fuel near me
intent,voucher OTP fuel in South Africa
intent,voucher OTP fuel in Gauteng
intent,voucher OTP fuel in Johannesburg
intent,voucher OTP fuel in Sandton
intent,voucher OTP fuel in Midrand
intent,voucher OTP fuel in Soweto
intent,voucher OTP fuel in Pretoria
intent,voucher OTP fuel in Centurion
intent,voucher OTP fuel in Tshwane
intent,voucher OTP fuel in Ekurhuleni
intent,voucher OTP fuel in Kempton Park
intent,voucher OTP fuel in Boksburg
intent,voucher OTP fuel in Benoni
intent,voucher OTP fuel in Springs
intent,voucher OTP fuel in Vanderbijlpark
intent,voucher OTP fuel in Vereeniging
intent,voucher OTP fuel in KwaZulu-Natal
intent,voucher OTP fuel in Durban
intent,voucher OTP fuel in Umhlanga
intent,voucher OTP fuel in Pinetown
intent,voucher OTP fuel in Pietermaritzburg
intent,voucher OTP fuel in Richards Bay
intent,voucher OTP fuel in Mpumalanga
intent,voucher OTP fuel in Nelspruit
intent,voucher OTP fuel in Mbombela
intent,voucher OTP fuel for {platform} drivers
intent,voucher OTP fuel for taxi drivers
intent,voucher OTP fuel for delivery drivers
intent,voucher OTP fuel for fleet managers
intent,voucher OTP fuel for fuel stations
intent,voucher OTP fuel how it works
intent,voucher OTP fuel pricing
intent,voucher OTP fuel apply
intent,voucher OTP fuel sign up
intent,voucher OTP fuel register
intent,voucher OTP fuel login
intent,voucher OTP fuel contact
intent,voucher OTP fuel support
intent,voucher OTP fuel requirements
intent,voucher OTP fuel documents
intent,voucher OTP fuel verification
intent,voucher OTP fuel instant approval
intent,voucher OTP fuel same day
intent,voucher OTP fuel weekly settlement
intent,voucher OTP fuel bank settlement
intent,voucher OTP fuel reconciliation
intent,voucher OTP fuel audit
intent,voucher OTP fuel compliance
intent,voucher pin redemption near me
intent,voucher pin redemption in South Africa
intent,voucher pin redemption in Gauteng
intent,voucher pin redemption in Johannesburg
intent,voucher pin redemption in Sandton
intent,voucher pin redemption in Midrand
intent,voucher pin redemption in Soweto
intent,voucher pin redemption in Pretoria
intent,voucher pin redemption in Centurion
intent,voucher pin redemption in Tshwane
intent,voucher pin redemption in Ekurhuleni
intent,voucher pin redemption in Kempton Park
intent,voucher pin redemption in Boksburg
intent,voucher pin redemption in Benoni
intent,voucher pin redemption in Springs
intent,voucher pin redemption in Vanderbijlpark
intent,voucher pin redemption in Vereeniging
intent,voucher pin redemption in KwaZulu-Natal
intent,voucher pin redemption in Durban
intent,voucher pin redemption in Umhlanga
intent,voucher pin redemption in Pinetown
intent,voucher pin redemption in Pietermaritzburg
intent,voucher pin redemption in Richards Bay
intent,voucher pin redemption in Mpumalanga
intent,voucher pin redemption in Nelspruit
intent,voucher pin redemption in Mbombela
intent,voucher pin redemption for {platform} drivers
intent,voucher pin redemption for taxi drivers
intent,voucher pin redemption for delivery drivers
intent,voucher pin redemption for fleet managers
intent,voucher pin redemption for fuel stations
intent,voucher pin redemption how it works
intent,voucher pin redemption pricing
intent,voucher pin redemption apply
intent,voucher pin redemption sign up
intent,voucher pin redemption register
intent,voucher pin redemption login
intent,voucher pin redemption contact
intent,voucher pin redemption support
intent,voucher pin redemption requirements
intent,voucher pin redemption documents
intent,voucher pin redemption verification
intent,voucher pin redemption instant approval
intent,voucher pin redemption same day
intent,voucher pin redemption weekly settlement
intent,voucher pin redemption bank settlement
intent,voucher pin redemption reconciliation
intent,voucher pin redemption audit
intent,voucher pin redemption compliance
intent,voucher risk controls near me
intent,voucher risk controls in South Africa
intent,voucher risk controls in Gauteng
intent,voucher risk controls in Johannesburg
intent,voucher risk controls in Sandton
intent,voucher risk controls in Midrand
intent,voucher risk controls in Soweto
intent,voucher risk controls in Pretoria
intent,voucher risk controls in Centurion
intent,voucher risk controls in Tshwane
intent,voucher risk controls in Ekurhuleni
intent,voucher risk controls in Kempton Park
intent,voucher risk controls in Boksburg
intent,voucher risk controls in Benoni
intent,voucher risk controls in Springs
intent,voucher risk controls in Vanderbijlpark
intent,voucher risk controls in Vereeniging
intent,voucher risk controls in KwaZulu-Natal
intent,voucher risk controls in Durban
intent,voucher risk controls in Umhlanga
intent,voucher risk controls in Pinetown
intent,voucher risk controls in Pietermaritzburg
intent,voucher risk controls in Richards Bay
intent,voucher risk controls in Mpumalanga
intent,voucher risk controls in Nelspruit
intent,voucher risk controls in Mbombela
intent,voucher risk controls for {platform} drivers
intent,voucher risk controls for taxi drivers
intent,voucher risk controls for delivery drivers
intent,voucher risk controls for fleet managers
intent,voucher risk controls for fuel stations
intent,voucher risk controls how it works
intent,voucher risk controls pricing
intent,voucher risk controls apply
intent,voucher risk controls sign up
intent,voucher risk controls register
intent,voucher risk controls login
intent,voucher risk controls contact
intent,voucher risk controls support
intent,voucher risk controls requirements
intent,voucher risk controls documents
intent,voucher risk controls verification
intent,voucher risk controls instant approval
intent,voucher risk controls same day
intent,voucher risk controls weekly settlement
intent,voucher risk controls bank settlement
intent,voucher risk controls reconciliation
intent,voucher risk controls audit
intent,voucher risk controls compliance
intent,voucher approval workflow near me
intent,voucher approval workflow in South Africa
intent,voucher approval workflow in Gauteng
intent,voucher approval workflow in Johannesburg
intent,voucher approval workflow in Sandton
intent,voucher approval workflow in Midrand
intent,voucher approval workflow in Soweto
intent,voucher approval workflow in Pretoria
intent,voucher approval workflow in Centurion
intent,voucher approval workflow in Tshwane
intent,voucher approval workflow in Ekurhuleni
intent,voucher approval workflow in Kempton Park
intent,voucher approval workflow in Boksburg
intent,voucher approval workflow in Benoni
intent,voucher approval workflow in Springs
intent,voucher approval workflow in Vanderbijlpark
intent,voucher approval workflow in Vereeniging
intent,voucher approval workflow in KwaZulu-Natal
intent,voucher approval workflow in Durban
intent,voucher approval workflow in Umhlanga
intent,voucher approval workflow in Pinetown
intent,voucher approval workflow in Pietermaritzburg
intent,voucher approval workflow in Richards Bay
intent,voucher approval workflow in Mpumalanga
intent,voucher approval workflow in Nelspruit
intent,voucher approval workflow in Mbombela
intent,voucher approval workflow for {platform} drivers
intent,voucher approval workflow for taxi drivers
intent,voucher approval workflow for delivery drivers
intent,voucher approval workflow for fleet managers
intent,voucher approval workflow for fuel stations
intent,voucher approval workflow how it works
intent,voucher approval workflow pricing
intent,voucher approval workflow apply
intent,voucher approval workflow sign up
intent,voucher approval workflow register
intent,voucher approval workflow login
intent,voucher approval workflow contact
intent,voucher approval workflow support
intent,voucher approval workflow requirements
intent,voucher approval workflow documents
intent,voucher approval workflow verification
intent,voucher approval workflow instant approval
intent,voucher approval workflow same day
intent,voucher approval workflow weekly settlement
intent,voucher approval workflow bank settlement
intent,voucher approval workflow reconciliation
intent,voucher approval workflow audit
intent,voucher approval workflow compliance
intent,credit controls for fuel near me
intent,credit controls for fuel in South Africa
intent,credit controls for fuel in Gauteng
intent,credit controls for fuel in Johannesburg
intent,credit controls for fuel in Sandton
intent,credit controls for fuel in Midrand
intent,credit controls for fuel in Soweto
intent,credit controls for fuel in Pretoria
intent,credit controls for fuel in Centurion
intent,credit controls for fuel in Tshwane
intent,credit controls for fuel in Ekurhuleni
intent,credit controls for fuel in Kempton Park
intent,credit controls for fuel in Boksburg
intent,credit controls for fuel in Benoni
intent,credit controls for fuel in Springs
intent,credit controls for fuel in Vanderbijlpark
intent,credit controls for fuel in Vereeniging
intent,credit controls for fuel in KwaZulu-Natal
intent,credit controls for fuel in Durban
intent,credit controls for fuel in Umhlanga
intent,credit controls for fuel in Pinetown
intent,credit controls for fuel in Pietermaritzburg
intent,credit controls for fuel in Richards Bay
intent,credit controls for fuel in Mpumalanga
intent,credit controls for fuel in Nelspruit
intent,credit controls for fuel in Mbombela
intent,credit controls for fuel for {platform} drivers
intent,credit controls for fuel for taxi drivers
intent,credit controls for fuel for delivery drivers
intent,credit controls for fuel for fleet managers
intent,credit controls for fuel for fuel stations
intent,credit controls for fuel how it works
intent,credit controls for fuel pricing
intent,credit controls for fuel apply
intent,credit controls for fuel sign up
intent,credit controls for fuel register
intent,credit controls for fuel login
intent,credit controls for fuel contact
intent,credit controls for fuel support
intent,credit controls for fuel requirements
intent,credit controls for fuel documents
intent,credit controls for fuel verification
intent,credit controls for fuel instant approval
intent,credit controls for fuel same day
intent,credit controls for fuel weekly settlement
intent,credit controls for fuel bank settlement
intent,credit controls for fuel reconciliation
intent,credit controls for fuel audit
intent,credit controls for fuel compliance
intent,driver credit limit fuel near me
intent,driver credit limit fuel in South Africa
intent,driver credit limit fuel in Gauteng
intent,driver credit limit fuel in Johannesburg
intent,driver credit limit fuel in Sandton
intent,driver credit limit fuel in Midrand
intent,driver credit limit fuel in Soweto
intent,driver credit limit fuel in Pretoria
intent,driver credit limit fuel in Centurion
intent,driver credit limit fuel in Tshwane
intent,driver credit limit fuel in Ekurhuleni
intent,driver credit limit fuel in Kempton Park
intent,driver credit limit fuel in Boksburg
intent,driver credit limit fuel in Benoni
intent,driver credit limit fuel in Springs
intent,driver credit limit fuel in Vanderbijlpark
intent,driver credit limit fuel in Vereeniging
intent,driver credit limit fuel in KwaZulu-Natal
intent,driver credit limit fuel in Durban
intent,driver credit limit fuel in Umhlanga
intent,driver credit limit fuel in Pinetown
intent,driver credit limit fuel in Pietermaritzburg
intent,driver credit limit fuel in Richards Bay
intent,driver credit limit fuel in Mpumalanga
intent,driver credit limit fuel in Nelspruit
intent,driver credit limit fuel in Mbombela
intent,driver credit limit fuel for {platform} drivers
intent,driver credit limit fuel for taxi drivers
intent,driver credit limit fuel for delivery drivers
intent,driver credit limit fuel for fleet managers
intent,driver credit limit fuel for fuel stations
intent,driver credit limit fuel how it works
intent,driver credit limit fuel pricing
intent,driver credit limit fuel apply
intent,driver credit limit fuel sign up
intent,driver credit limit fuel register
intent,driver credit limit fuel login
intent,driver credit limit fuel contact
intent,driver credit limit fuel support
intent,driver credit limit fuel requirements
intent,driver credit limit fuel documents
intent,driver credit limit fuel verification
intent,driver credit limit fuel instant approval
intent,driver credit limit fuel same day
intent,driver credit limit fuel weekly settlement
intent,driver credit limit fuel bank settlement
intent,driver credit limit fuel reconciliation
intent,driver credit limit fuel audit
intent,driver credit limit fuel compliance
intent,high credit limit fuel near me
intent,high credit limit fuel in South Africa
intent,high credit limit fuel in Gauteng
intent,high credit limit fuel in Johannesburg
intent,high credit limit fuel in Sandton
intent,high credit limit fuel in Midrand
intent,high credit limit fuel in Soweto
intent,high credit limit fuel in Pretoria
intent,high credit limit fuel in Centurion
intent,high credit limit fuel in Tshwane
intent,high credit limit fuel in Ekurhuleni
intent,high credit limit fuel in Kempton Park
intent,high credit limit fuel in Boksburg
intent,high credit limit fuel in Benoni
intent,high credit limit fuel in Springs
intent,high credit limit fuel in Vanderbijlpark
intent,high credit limit fuel in Vereeniging
intent,high credit limit fuel in KwaZulu-Natal
intent,high credit limit fuel in Durban
intent,high credit limit fuel in Umhlanga
intent,high credit limit fuel in Pinetown
intent,high credit limit fuel in Pietermaritzburg
intent,high credit limit fuel in Richards Bay
intent,high credit limit fuel in Mpumalanga
intent,high credit limit fuel in Nelspruit
intent,high credit limit fuel in Mbombela
intent,high credit limit fuel for {platform} drivers
intent,high credit limit fuel for taxi drivers
intent,high credit limit fuel for delivery drivers
intent,high credit limit fuel for fleet managers
intent,high credit limit fuel for fuel stations
intent,high credit limit fuel how it works
intent,high credit limit fuel pricing
intent,high credit limit fuel apply
intent,high credit limit fuel sign up
intent,high credit limit fuel register
intent,high credit limit fuel login
intent,high credit limit fuel contact
intent,high credit limit fuel support
intent,high credit limit fuel requirements
intent,high credit limit fuel documents
intent,high credit limit fuel verification
intent,high credit limit fuel instant approval
intent,high credit limit fuel same day
intent,high credit limit fuel weekly settlement
intent,high credit limit fuel bank settlement
intent,high credit limit fuel reconciliation
intent,high credit limit fuel audit
intent,high credit limit fuel compliance
intent,delivery driver fuel credit near me
intent,delivery driver fuel credit in South Africa
intent,delivery driver fuel credit in Gauteng
intent,delivery driver fuel credit in Johannesburg
intent,delivery driver fuel credit in Sandton
intent,delivery driver fuel credit in Midrand
intent,delivery driver fuel credit in Soweto
intent,delivery driver fuel credit in Pretoria
intent,delivery driver fuel credit in Centurion
intent,delivery driver fuel credit in Tshwane
intent,delivery driver fuel credit in Ekurhuleni
intent,delivery driver fuel credit in Kempton Park
intent,delivery driver fuel credit in Boksburg
intent,delivery driver fuel credit in Benoni
intent,delivery driver fuel credit in Springs
intent,delivery driver fuel credit in Vanderbijlpark
intent,delivery driver fuel credit in Vereeniging
intent,delivery driver fuel credit in KwaZulu-Natal
intent,delivery driver fuel credit in Durban
intent,delivery driver fuel credit in Umhlanga
intent,delivery driver fuel credit in Pinetown
intent,delivery driver fuel credit in Pietermaritzburg
intent,delivery driver fuel credit in Richards Bay
intent,delivery driver fuel credit in Mpumalanga
intent,delivery driver fuel credit in Nelspruit
intent,delivery driver fuel credit in Mbombela
intent,delivery driver fuel credit for {platform} drivers
intent,delivery driver fuel credit for taxi drivers
intent,delivery driver fuel credit for delivery drivers
intent,delivery driver fuel credit for fleet managers
intent,delivery driver fuel credit for fuel stations
intent,delivery driver fuel credit how it works
intent,delivery driver fuel credit pricing
intent,delivery driver fuel credit apply
intent,delivery driver fuel credit sign up
intent,delivery driver fuel credit register
intent,delivery driver fuel credit login
intent,delivery driver fuel credit contact
intent,delivery driver fuel credit support
intent,delivery driver fuel credit requirements
intent,delivery driver fuel credit documents
intent,delivery driver fuel credit verification
intent,delivery driver fuel credit instant approval
intent,delivery driver fuel credit same day
intent,delivery driver fuel credit weekly settlement
intent,delivery driver fuel credit bank settlement
intent,delivery driver fuel credit reconciliation
intent,delivery driver fuel credit audit
intent,delivery driver fuel credit compliance
intent,food delivery fuel voucher near me
intent,food delivery fuel voucher in South Africa
intent,food delivery fuel voucher in Gauteng
intent,food delivery fuel voucher in Johannesburg
intent,food delivery fuel voucher in Sandton
intent,food delivery fuel voucher in Midrand
intent,food delivery fuel voucher in Soweto
intent,food delivery fuel voucher in Pretoria
intent,food delivery fuel voucher in Centurion
intent,food delivery fuel voucher in Tshwane
intent,food delivery fuel voucher in Ekurhuleni
intent,food delivery fuel voucher in Kempton Park
intent,food delivery fuel voucher in Boksburg
intent,food delivery fuel voucher in Benoni
intent,food delivery fuel voucher in Springs
intent,food delivery fuel voucher in Vanderbijlpark
intent,food delivery fuel voucher in Vereeniging
intent,food delivery fuel voucher in KwaZulu-Natal
intent,food delivery fuel voucher in Durban
intent,food delivery fuel voucher in Umhlanga
intent,food delivery fuel voucher in Pinetown
intent,food delivery fuel voucher in Pietermaritzburg
intent,food delivery fuel voucher in Richards Bay
intent,food delivery fuel voucher in Mpumalanga
intent,food delivery fuel voucher in Nelspruit
intent,food delivery fuel voucher in Mbombela
intent,food delivery fuel voucher for {platform} drivers
intent,food delivery fuel voucher for taxi drivers
intent,food delivery fuel voucher for delivery drivers
intent,food delivery fuel voucher for fleet managers
intent,food delivery fuel voucher for fuel stations
intent,food delivery fuel voucher how it works
intent,food delivery fuel voucher pricing
intent,food delivery fuel voucher apply
intent,food delivery fuel voucher sign up
intent,food delivery fuel voucher register
intent,food delivery fuel voucher login
intent,food delivery fuel voucher contact
intent,food delivery fuel voucher support
intent,food delivery fuel voucher requirements
intent,food delivery fuel voucher documents
intent,food delivery fuel voucher verification
intent,food delivery fuel voucher instant approval
intent,food delivery fuel voucher same day
intent,food delivery fuel voucher weekly settlement
intent,food delivery fuel voucher bank settlement
intent,food delivery fuel voucher reconciliation
intent,food delivery fuel voucher audit
intent,food delivery fuel voucher compliance
intent,grocery delivery fuel voucher near me
intent,grocery delivery fuel voucher in South Africa
intent,grocery delivery fuel voucher in Gauteng
intent,grocery delivery fuel voucher in Johannesburg
intent,grocery delivery fuel voucher in Sandton
intent,grocery delivery fuel voucher in Midrand
intent,grocery delivery fuel voucher in Soweto
intent,grocery delivery fuel voucher in Pretoria
intent,grocery delivery fuel voucher in Centurion
intent,grocery delivery fuel voucher in Tshwane
intent,grocery delivery fuel voucher in Ekurhuleni
intent,grocery delivery fuel voucher in Kempton Park
intent,grocery delivery fuel voucher in Boksburg
intent,grocery delivery fuel voucher in Benoni
intent,grocery delivery fuel voucher in Springs
intent,grocery delivery fuel voucher in Vanderbijlpark
intent,grocery delivery fuel voucher in Vereeniging
intent,grocery delivery fuel voucher in KwaZulu-Natal
intent,grocery delivery fuel voucher in Durban
intent,grocery delivery fuel voucher in Umhlanga
intent,grocery delivery fuel voucher in Pinetown
intent,grocery delivery fuel voucher in Pietermaritzburg
intent,grocery delivery fuel voucher in Richards Bay
intent,grocery delivery fuel voucher in Mpumalanga
intent,grocery delivery fuel voucher in Nelspruit
intent,grocery delivery fuel voucher in Mbombela
intent,grocery delivery fuel voucher for {platform} drivers
intent,grocery delivery fuel voucher for taxi drivers
intent,grocery delivery fuel voucher for delivery drivers
intent,grocery delivery fuel voucher for fleet managers
intent,grocery delivery fuel voucher for fuel stations
intent,grocery delivery fuel voucher how it works
intent,grocery delivery fuel voucher pricing
intent,grocery delivery fuel voucher apply
intent,grocery delivery fuel voucher sign up
intent,grocery delivery fuel voucher register
intent,grocery delivery fuel voucher login
intent,grocery delivery fuel voucher contact
intent,grocery delivery fuel voucher support
intent,grocery delivery fuel voucher requirements
intent,grocery delivery fuel voucher documents
intent,grocery delivery fuel voucher verification
intent,grocery delivery fuel voucher instant approval
intent,grocery delivery fuel voucher same day
intent,grocery delivery fuel voucher weekly settlement
intent,grocery delivery fuel voucher bank settlement
intent,grocery delivery fuel voucher reconciliation
intent,grocery delivery fuel voucher audit
intent,grocery delivery fuel voucher compliance
intent,courier fuel voucher near me
intent,courier fuel voucher in South Africa
intent,courier fuel voucher in Gauteng
intent,courier fuel voucher in Johannesburg
intent,courier fuel voucher in Sandton
intent,courier fuel voucher in Midrand
intent,courier fuel voucher in Soweto
intent,courier fuel voucher in Pretoria
intent,courier fuel voucher in Centurion
intent,courier fuel voucher in Tshwane
intent,courier fuel voucher in Ekurhuleni
intent,courier fuel voucher in Kempton Park
intent,courier fuel voucher in Boksburg
intent,courier fuel voucher in Benoni
intent,courier fuel voucher in Springs
intent,courier fuel voucher in Vanderbijlpark
intent,courier fuel voucher in Vereeniging
intent,courier fuel voucher in KwaZulu-Natal
intent,courier fuel voucher in Durban
intent,courier fuel voucher in Umhlanga
intent,courier fuel voucher in Pinetown
intent,courier fuel voucher in Pietermaritzburg
intent,courier fuel voucher in Richards Bay
intent,courier fuel voucher in Mpumalanga
intent,courier fuel voucher in Nelspruit
intent,courier fuel voucher in Mbombela
intent,courier fuel voucher for {platform} drivers
intent,courier fuel voucher for taxi drivers
intent,courier fuel voucher for delivery drivers
intent,courier fuel voucher for fleet managers
intent,courier fuel voucher for fuel stations
intent,courier fuel voucher how it works
intent,courier fuel voucher pricing
intent,courier fuel voucher apply
intent,courier fuel voucher sign up
intent,courier fuel voucher register
intent,courier fuel voucher login
intent,courier fuel voucher contact
intent,courier fuel voucher support
intent,courier fuel voucher requirements
intent,courier fuel voucher documents
intent,courier fuel voucher verification
intent,courier fuel voucher instant approval
intent,courier fuel voucher same day
intent,courier fuel voucher weekly settlement
intent,courier fuel voucher bank settlement
intent,courier fuel voucher reconciliation
intent,courier fuel voucher audit
intent,courier fuel voucher compliance
intent,last mile delivery fuel finance near me
intent,last mile delivery fuel finance in South Africa
intent,last mile delivery fuel finance in Gauteng
intent,last mile delivery fuel finance in Johannesburg
intent,last mile delivery fuel finance in Sandton
intent,last mile delivery fuel finance in Midrand
intent,last mile delivery fuel finance in Soweto
intent,last mile delivery fuel finance in Pretoria
intent,last mile delivery fuel finance in Centurion
intent,last mile delivery fuel finance in Tshwane
intent,last mile delivery fuel finance in Ekurhuleni
intent,last mile delivery fuel finance in Kempton Park
intent,last mile delivery fuel finance in Boksburg
intent,last mile delivery fuel finance in Benoni
intent,last mile delivery fuel finance in Springs
intent,last mile delivery fuel finance in Vanderbijlpark
intent,last mile delivery fuel finance in Vereeniging
intent,last mile delivery fuel finance in KwaZulu-Natal
intent,last mile delivery fuel finance in Durban
intent,last mile delivery fuel finance in Umhlanga
intent,last mile delivery fuel finance in Pinetown
intent,last mile delivery fuel finance in Pietermaritzburg
intent,last mile delivery fuel finance in Richards Bay
intent,last mile delivery fuel finance in Mpumalanga
intent,last mile delivery fuel finance in Nelspruit
intent,last mile delivery fuel finance in Mbombela
intent,last mile delivery fuel finance for {platform} drivers
intent,last mile delivery fuel finance for taxi drivers
intent,last mile delivery fuel finance for delivery drivers
intent,last mile delivery fuel finance for fleet managers
intent,last mile delivery fuel finance for fuel stations
intent,last mile delivery fuel finance how it works
intent,last mile delivery fuel finance pricing
intent,last mile delivery fuel finance apply
intent,last mile delivery fuel finance sign up
intent,last mile delivery fuel finance register
intent,last mile delivery fuel finance login
intent,last mile delivery fuel finance contact
intent,last mile delivery fuel finance support
intent,last mile delivery fuel finance requirements
intent,last mile delivery fuel finance documents
intent,last mile delivery fuel finance verification
intent,last mile delivery fuel finance instant approval
intent,last mile delivery fuel finance same day
intent,last mile delivery fuel finance weekly settlement
intent,last mile delivery fuel finance bank settlement
intent,last mile delivery fuel finance reconciliation
intent,last mile delivery fuel finance audit
intent,last mile delivery fuel finance compliance
intent,delivery fleet fuel controls near me
intent,delivery fleet fuel controls in South Africa
intent,delivery fleet fuel controls in Gauteng
intent,delivery fleet fuel controls in Johannesburg
intent,delivery fleet fuel controls in Sandton
intent,delivery fleet fuel controls in Midrand
intent,delivery fleet fuel controls in Soweto
intent,delivery fleet fuel controls in Pretoria
intent,delivery fleet fuel controls in Centurion
intent,delivery fleet fuel controls in Tshwane
intent,delivery fleet fuel controls in Ekurhuleni
intent,delivery fleet fuel controls in Kempton Park
intent,delivery fleet fuel controls in Boksburg
intent,delivery fleet fuel controls in Benoni
intent,delivery fleet fuel controls in Springs
intent,delivery fleet fuel controls in Vanderbijlpark
intent,delivery fleet fuel controls in Vereeniging
intent,delivery fleet fuel controls in KwaZulu-Natal
intent,delivery fleet fuel controls in Durban
intent,delivery fleet fuel controls in Umhlanga
intent,delivery fleet fuel controls in Pinetown
intent,delivery fleet fuel controls in Pietermaritzburg
intent,delivery fleet fuel controls in Richards Bay
intent,delivery fleet fuel controls in Mpumalanga
intent,delivery fleet fuel controls in Nelspruit
intent,delivery fleet fuel controls in Mbombela
intent,delivery fleet fuel controls for {platform} drivers
intent,delivery fleet fuel controls for taxi drivers
intent,delivery fleet fuel controls for delivery drivers
intent,delivery fleet fuel controls for fleet managers
intent,delivery fleet fuel controls for fuel stations
intent,delivery fleet fuel controls how it works
intent,delivery fleet fuel controls pricing
intent,delivery fleet fuel controls apply
intent,delivery fleet fuel controls sign up
intent,delivery fleet fuel controls register
intent,delivery fleet fuel controls login
intent,delivery fleet fuel controls contact
intent,delivery fleet fuel controls support
intent,delivery fleet fuel controls requirements
intent,delivery fleet fuel controls documents
intent,delivery fleet fuel controls verification
intent,delivery fleet fuel controls instant approval
intent,delivery fleet fuel controls same day
intent,delivery fleet fuel controls weekly settlement
intent,delivery fleet fuel controls bank settlement
intent,delivery fleet fuel controls reconciliation
intent,delivery fleet fuel controls audit
intent,delivery fleet fuel controls compliance
intent,fuel credit South Africa near me
intent,fuel credit South Africa in South Africa
intent,fuel credit South Africa in Gauteng
intent,fuel credit South Africa in Johannesburg
intent,fuel credit South Africa in Sandton
intent,fuel credit South Africa in Midrand
intent,fuel credit South Africa in Soweto
intent,fuel credit South Africa in Pretoria
intent,fuel credit South Africa in Centurion
intent,fuel credit South Africa in Tshwane
intent,fuel credit South Africa in Ekurhuleni
intent,fuel credit South Africa in Kempton Park
intent,fuel credit South Africa in Boksburg
intent,fuel credit South Africa in Benoni
intent,fuel credit South Africa in Springs
intent,fuel credit South Africa in Vanderbijlpark
intent,fuel credit South Africa in Vereeniging
intent,fuel credit South Africa in KwaZulu-Natal
intent,fuel credit South Africa in Durban
intent,fuel credit South Africa in Umhlanga
intent,fuel credit South Africa in Pinetown
intent,fuel credit South Africa in Pietermaritzburg
intent,fuel credit South Africa in Richards Bay
intent,fuel credit South Africa in Mpumalanga
intent,fuel credit South Africa in Nelspruit
intent,fuel credit South Africa in Mbombela
intent,fuel credit South Africa for {platform} drivers
intent,fuel credit South Africa for taxi drivers
intent,fuel credit South Africa for delivery drivers
intent,fuel credit South Africa for fleet managers
intent,fuel credit South Africa for fuel stations
intent,fuel credit South Africa how it works
intent,fuel credit South Africa pricing
intent,fuel credit South Africa apply
intent,fuel credit South Africa sign up
intent,fuel credit South Africa register
intent,fuel credit South Africa login
intent,fuel credit South Africa contact
intent,fuel credit South Africa support
intent,fuel credit South Africa requirements
intent,fuel credit South Africa documents
intent,fuel credit South Africa verification
intent,fuel credit South Africa instant approval
intent,fuel credit South Africa same day
intent,fuel credit South Africa weekly settlement
intent,fuel credit South Africa bank settlement
intent,fuel credit South Africa reconciliation
intent,fuel credit South Africa audit
intent,fuel credit South Africa compliance
intent,fuel finance South Africa near me
intent,fuel finance South Africa in South Africa
intent,fuel finance South Africa in Gauteng
intent,fuel finance South Africa in Johannesburg
intent,fuel finance South Africa in Sandton
intent,fuel finance South Africa in Midrand
intent,fuel finance South Africa in Soweto
intent,fuel finance South Africa in Pretoria
intent,fuel finance South Africa in Centurion
intent,fuel finance South Africa in Tshwane
intent,fuel finance South Africa in Ekurhuleni
intent,fuel finance South Africa in Kempton Park
intent,fuel finance South Africa in Boksburg
intent,fuel finance South Africa in Benoni
intent,fuel finance South Africa in Springs
intent,fuel finance South Africa in Vanderbijlpark
intent,fuel finance South Africa in Vereeniging
intent,fuel finance South Africa in KwaZulu-Natal
intent,fuel finance South Africa in Durban
intent,fuel finance South Africa in Umhlanga
intent,fuel finance South Africa in Pinetown
intent,fuel finance South Africa in Pietermaritzburg
intent,fuel finance South Africa in Richards Bay
intent,fuel finance South Africa in Mpumalanga
intent,fuel finance South Africa in Nelspruit
intent,fuel finance South Africa in Mbombela
intent,fuel finance South Africa for {platform} drivers
intent,fuel finance South Africa for taxi drivers
intent,fuel finance South Africa for delivery drivers
intent,fuel finance South Africa for fleet managers
intent,fuel finance South Africa for fuel stations
intent,fuel finance South Africa how it works
intent,fuel finance South Africa pricing
intent,fuel finance South Africa apply
intent,fuel finance South Africa sign up
intent,fuel finance South Africa register
intent,fuel finance South Africa login
intent,fuel finance South Africa contact
intent,fuel finance South Africa support
intent,fuel finance South Africa requirements
intent,fuel finance South Africa documents
intent,fuel finance South Africa verification
intent,fuel finance South Africa instant approval
intent,fuel finance South Africa same day
intent,fuel finance South Africa weekly settlement
intent,fuel finance South Africa bank settlement
intent,fuel finance South Africa reconciliation
intent,fuel finance South Africa audit
intent,fuel finance South Africa compliance
intent,fuel buy now pay later near me
intent,fuel buy now pay later in South Africa
intent,fuel buy now pay later in Gauteng
intent,fuel buy now pay later in Johannesburg
intent,fuel buy now pay later in Sandton
intent,fuel buy now pay later in Midrand
intent,fuel buy now pay later in Soweto
intent,fuel buy now pay later in Pretoria
intent,fuel buy now pay later in Centurion
intent,fuel buy now pay later in Tshwane
intent,fuel buy now pay later in Ekurhuleni
intent,fuel buy now pay later in Kempton Park
intent,fuel buy now pay later in Boksburg
intent,fuel buy now pay later in Benoni
intent,fuel buy now pay later in Springs
intent,fuel buy now pay later in Vanderbijlpark
intent,fuel buy now pay later in Vereeniging
intent,fuel buy now pay later in KwaZulu-Natal
intent,fuel buy now pay later in Durban
intent,fuel buy now pay later in Umhlanga
intent,fuel buy now pay later in Pinetown
intent,fuel buy now pay later in Pietermaritzburg
intent,fuel buy now pay later in Richards Bay
intent,fuel buy now pay later in Mpumalanga
intent,fuel buy now pay later in Nelspruit
intent,fuel buy now pay later in Mbombela
intent,fuel buy now pay later for {platform} drivers
intent,fuel buy now pay later for taxi drivers
intent,fuel buy now pay later for delivery drivers
intent,fuel buy now pay later for fleet managers
intent,fuel buy now pay later for fuel stations
intent,fuel buy now pay later how it works
intent,fuel buy now pay later pricing
intent,fuel buy now pay later apply
intent,fuel buy now pay later sign up
intent,fuel buy now pay later register
intent,fuel buy now pay later login
intent,fuel buy now pay later contact
intent,fuel buy now pay later support
intent,fuel buy now pay later requirements
intent,fuel buy now pay later documents
intent,fuel buy now pay later verification
intent,fuel buy now pay later instant approval
intent,fuel buy now pay later same day
intent,fuel buy now pay later weekly settlement
intent,fuel buy now pay later bank settlement
intent,fuel buy now pay later reconciliation
intent,fuel buy now pay later audit
intent,fuel buy now pay later compliance
intent,fuel BNPL for fleets near me
intent,fuel BNPL for fleets in South Africa
intent,fuel BNPL for fleets in Gauteng
intent,fuel BNPL for fleets in Johannesburg
intent,fuel BNPL for fleets in Sandton
intent,fuel BNPL for fleets in Midrand
intent,fuel BNPL for fleets in Soweto
intent,fuel BNPL for fleets in Pretoria
intent,fuel BNPL for fleets in Centurion
intent,fuel BNPL for fleets in Tshwane
intent,fuel BNPL for fleets in Ekurhuleni
intent,fuel BNPL for fleets in Kempton Park
intent,fuel BNPL for fleets in Boksburg
intent,fuel BNPL for fleets in Benoni
intent,fuel BNPL for fleets in Springs
intent,fuel BNPL for fleets in Vanderbijlpark
intent,fuel BNPL for fleets in Vereeniging
intent,fuel BNPL for fleets in KwaZulu-Natal
intent,fuel BNPL for fleets in Durban
intent,fuel BNPL for fleets in Umhlanga
intent,fuel BNPL for fleets in Pinetown
intent,fuel BNPL for fleets in Pietermaritzburg
intent,fuel BNPL for fleets in Richards Bay
intent,fuel BNPL for fleets in Mpumalanga
intent,fuel BNPL for fleets in Nelspruit
intent,fuel BNPL for fleets in Mbombela
intent,fuel BNPL for fleets for {platform} drivers
intent,fuel BNPL for fleets for taxi drivers
intent,fuel BNPL for fleets for delivery drivers
intent,fuel BNPL for fleets for fleet managers
intent,fuel BNPL for fleets for fuel stations
intent,fuel BNPL for fleets how it works
intent,fuel BNPL for fleets pricing
intent,fuel BNPL for fleets apply
intent,fuel BNPL for fleets sign up
intent,fuel BNPL for fleets register
intent,fuel BNPL for fleets login
intent,fuel BNPL for fleets contact
intent,fuel BNPL for fleets support
intent,fuel BNPL for fleets requirements
intent,fuel BNPL for fleets documents
intent,fuel BNPL for fleets verification
intent,fuel BNPL for fleets instant approval
intent,fuel BNPL for fleets same day
intent,fuel BNPL for fleets weekly settlement
intent,fuel BNPL for fleets bank settlement
intent,fuel BNPL for fleets reconciliation
intent,fuel BNPL for fleets audit
intent,fuel BNPL for fleets compliance
intent,fuel vouchers South Africa near me
intent,fuel vouchers South Africa in South Africa
intent,fuel vouchers South Africa in Gauteng
intent,fuel vouchers South Africa in Johannesburg
intent,fuel vouchers South Africa in Sandton
intent,fuel vouchers South Africa in Midrand
intent,fuel vouchers South Africa in Soweto
intent,fuel vouchers South Africa in Pretoria
intent,fuel vouchers South Africa in Centurion
intent,fuel vouchers South Africa in Tshwane
intent,fuel vouchers South Africa in Ekurhuleni
intent,fuel vouchers South Africa in Kempton Park
intent,fuel vouchers South Africa in Boksburg
intent,fuel vouchers South Africa in Benoni
intent,fuel vouchers South Africa in Springs
intent,fuel vouchers South Africa in Vanderbijlpark
intent,fuel vouchers South Africa in Vereeniging
intent,fuel vouchers South Africa in KwaZulu-Natal
intent,fuel vouchers South Africa in Durban
intent,fuel vouchers South Africa in Umhlanga
intent,fuel vouchers South Africa in Pinetown
intent,fuel vouchers South Africa in Pietermaritzburg
intent,fuel vouchers South Africa in Richards Bay
intent,fuel vouchers South Africa in Mpumalanga
intent,fuel vouchers South Africa in Nelspruit
intent,fuel vouchers South Africa in Mbombela
intent,fuel vouchers South Africa for {platform} drivers
intent,fuel vouchers South Africa for taxi drivers
intent,fuel vouchers South Africa for delivery drivers
intent,fuel vouchers South Africa for fleet managers
intent,fuel vouchers South Africa for fuel stations
intent,fuel vouchers South Africa how it works
intent,fuel vouchers South Africa pricing
intent,fuel vouchers South Africa apply
intent,fuel vouchers South Africa sign up
intent,fuel vouchers South Africa register
intent,fuel vouchers South Africa login
intent,fuel vouchers South Africa contact
intent,fuel vouchers South Africa support
intent,fuel vouchers South Africa requirements
intent,fuel vouchers South Africa documents
intent,fuel vouchers South Africa verification
intent,fuel vouchers South Africa instant approval
intent,fuel vouchers South Africa same day
intent,fuel vouchers South Africa weekly settlement
intent,fuel vouchers South Africa bank settlement
intent,fuel vouchers South Africa reconciliation
intent,fuel vouchers South Africa audit
intent,fuel vouchers South Africa compliance
intent,fuel voucher management near me
intent,fuel voucher management in South Africa
intent,fuel voucher management in Gauteng
intent,fuel voucher management in Johannesburg
intent,fuel voucher management in Sandton
intent,fuel voucher management in Midrand
intent,fuel voucher management in Soweto
intent,fuel voucher management in Pretoria
intent,fuel voucher management in Centurion
intent,fuel voucher management in Tshwane
intent,fuel voucher management in Ekurhuleni
intent,fuel voucher management in Kempton Park
intent,fuel voucher management in Boksburg
intent,fuel voucher management in Benoni
intent,fuel voucher management in Springs
intent,fuel voucher management in Vanderbijlpark
intent,fuel voucher management in Vereeniging
intent,fuel voucher management in KwaZulu-Natal
intent,fuel voucher management in Durban
intent,fuel voucher management in Umhlanga
intent,fuel voucher management in Pinetown
intent,fuel voucher management in Pietermaritzburg
intent,fuel voucher management in Richards Bay
intent,fuel voucher management in Mpumalanga
intent,fuel voucher management in Nelspruit
intent,fuel voucher management in Mbombela
intent,fuel voucher management for {platform} drivers
intent,fuel voucher management for taxi drivers
intent,fuel voucher management for delivery drivers
intent,fuel voucher management for fleet managers
intent,fuel voucher management for fuel stations
intent,fuel voucher management how it works
intent,fuel voucher management pricing
intent,fuel voucher management apply
intent,fuel voucher management sign up
intent,fuel voucher management register
intent,fuel voucher management login
intent,fuel voucher management contact
intent,fuel voucher management support
intent,fuel voucher management requirements
intent,fuel voucher management documents
intent,fuel voucher management verification
intent,fuel voucher management instant approval
intent,fuel voucher management same day
intent,fuel voucher management weekly settlement
intent,fuel voucher management bank settlement
intent,fuel voucher management reconciliation
intent,fuel voucher management audit
intent,fuel voucher management compliance
intent,fuel voucher app near me
intent,fuel voucher app in South Africa
intent,fuel voucher app in Gauteng
intent,fuel voucher app in Johannesburg
intent,fuel voucher app in Sandton
intent,fuel voucher app in Midrand
intent,fuel voucher app in Soweto
intent,fuel voucher app in Pretoria
intent,fuel voucher app in Centurion
intent,fuel voucher app in Tshwane
intent,fuel voucher app in Ekurhuleni
intent,fuel voucher app in Kempton Park
intent,fuel voucher app in Boksburg
intent,fuel voucher app in Benoni
intent,fuel voucher app in Springs
intent,fuel voucher app in Vanderbijlpark
intent,fuel voucher app in Vereeniging
intent,fuel voucher app in KwaZulu-Natal
intent,fuel voucher app in Durban
intent,fuel voucher app in Umhlanga
intent,fuel voucher app in Pinetown
intent,fuel voucher app in Pietermaritzburg
intent,fuel voucher app in Richards Bay
intent,fuel voucher app in Mpumalanga
intent,fuel voucher app in Nelspruit
intent,fuel voucher app in Mbombela
intent,fuel voucher app for {platform} drivers
intent,fuel voucher app for taxi drivers
intent,fuel voucher app for delivery drivers
intent,fuel voucher app for fleet managers
intent,fuel voucher app for fuel stations
intent,fuel voucher app how it works
intent,fuel voucher app pricing
intent,fuel voucher app apply
intent,fuel voucher app sign up
intent,fuel voucher app register
intent,fuel voucher app login
intent,fuel voucher app contact
intent,fuel voucher app support
intent,fuel voucher app requirements
intent,fuel voucher app documents
intent,fuel voucher app verification
intent,fuel voucher app instant approval
intent,fuel voucher app same day
intent,fuel voucher app weekly settlement
intent,fuel voucher app bank settlement
intent,fuel voucher app reconciliation
intent,fuel voucher app audit
intent,fuel voucher app compliance
intent,fuel voucher platform near me
intent,fuel voucher platform in South Africa
intent,fuel voucher platform in Gauteng
intent,fuel voucher platform in Johannesburg
intent,fuel voucher platform in Sandton
intent,fuel voucher platform in Midrand
intent,fuel voucher platform in Soweto
intent,fuel voucher platform in Pretoria
intent,fuel voucher platform in Centurion
intent,fuel voucher platform in Tshwane
intent,fuel voucher platform in Ekurhuleni
intent,fuel voucher platform in Kempton Park
intent,fuel voucher platform in Boksburg
intent,fuel voucher platform in Benoni
intent,fuel voucher platform in Springs
intent,fuel voucher platform in Vanderbijlpark
intent,fuel voucher platform in Vereeniging
intent,fuel voucher platform in KwaZulu-Natal
intent,fuel voucher platform in Durban
intent,fuel voucher platform in Umhlanga
intent,fuel voucher platform in Pinetown
intent,fuel voucher platform in Pietermaritzburg
intent,fuel voucher platform in Richards Bay
intent,fuel voucher platform in Mpumalanga
intent,fuel voucher platform in Nelspruit
intent,fuel voucher platform in Mbombela
intent,fuel voucher platform for {platform} drivers
intent,fuel voucher platform for taxi drivers
intent,fuel voucher platform for delivery drivers
intent,fuel voucher platform for fleet managers
intent,fuel voucher platform for fuel stations
intent,fuel voucher platform how it works
intent,fuel voucher platform pricing
intent,fuel voucher platform apply
intent,fuel voucher platform sign up
intent,fuel voucher platform register
intent,fuel voucher platform login
intent,fuel voucher platform contact
intent,fuel voucher platform support
intent,fuel voucher platform requirements
intent,fuel voucher platform documents
intent,fuel voucher platform verification
intent,fuel voucher platform instant approval
intent,fuel voucher platform same day
intent,fuel voucher platform weekly settlement
intent,fuel voucher platform bank settlement
intent,fuel voucher platform reconciliation
intent,fuel voucher platform audit
intent,fuel voucher platform compliance
intent,fuel voucher API near me
intent,fuel voucher API in South Africa
intent,fuel voucher API in Gauteng
intent,fuel voucher API in Johannesburg
intent,fuel voucher API in Sandton
intent,fuel voucher API in Midrand
intent,fuel voucher API in Soweto
intent,fuel voucher API in Pretoria
intent,fuel voucher API in Centurion
intent,fuel voucher API in Tshwane
intent,fuel voucher API in Ekurhuleni
intent,fuel voucher API in Kempton Park
intent,fuel voucher API in Boksburg
intent,fuel voucher API in Benoni
intent,fuel voucher API in Springs
intent,fuel voucher API in Vanderbijlpark
intent,fuel voucher API in Vereeniging
intent,fuel voucher API in KwaZulu-Natal
intent,fuel voucher API in Durban
intent,fuel voucher API in Umhlanga
intent,fuel voucher API in Pinetown
intent,fuel voucher API in Pietermaritzburg
intent,fuel voucher API in Richards Bay
intent,fuel voucher API in Mpumalanga
intent,fuel voucher API in Nelspruit
intent,fuel voucher API in Mbombela
intent,fuel voucher API for {platform} drivers
intent,fuel voucher API for taxi drivers
intent,fuel voucher API for delivery drivers
intent,fuel voucher API for fleet managers
intent,fuel voucher API for fuel stations
intent,fuel voucher API how it works
intent,fuel voucher API pricing
intent,fuel voucher API apply
intent,fuel voucher API sign up
intent,fuel voucher API register
intent,fuel voucher API login
intent,fuel voucher API contact
intent,fuel voucher API support
intent,fuel voucher API requirements
intent,fuel voucher API documents
intent,fuel voucher API verification
intent,fuel voucher API instant approval
intent,fuel voucher API same day
intent,fuel voucher API weekly settlement
intent,fuel voucher API bank settlement
intent,fuel voucher API reconciliation
intent,fuel voucher API audit
intent,fuel voucher API compliance
platform,fuel voucher for Uber drivers
platform,Uber driver fuel credit
platform,Uber driver fuel finance South Africa
platform,Uber driver fuel voucher South Africa
platform,fuel voucher for Bolt drivers
platform,Bolt driver fuel credit
platform,Bolt driver fuel finance South Africa
platform,Bolt driver fuel voucher South Africa
platform,fuel voucher for inDrive drivers
platform,inDrive driver fuel credit
platform,inDrive driver fuel finance South Africa
platform,inDrive driver fuel voucher South Africa
platform,fuel voucher for Mr D drivers
platform,Mr D driver fuel credit
platform,Mr D driver fuel finance South Africa
platform,Mr D driver fuel voucher South Africa
platform,fuel voucher for Uber Eats drivers
platform,Uber Eats driver fuel credit
platform,Uber Eats driver fuel finance South Africa
platform,Uber Eats driver fuel voucher South Africa
platform,fuel voucher for Checkers Sixty60 drivers
platform,Checkers Sixty60 driver fuel credit
platform,Checkers Sixty60 driver fuel finance South Africa
platform,Checkers Sixty60 driver fuel voucher South Africa
platform,fuel voucher for takealot drivers
platform,takealot driver fuel credit
platform,takealot driver fuel finance South Africa
platform,takealot driver fuel voucher South Africa
platform,fuel voucher for local taxi drivers
platform,local taxi driver fuel credit
platform,local taxi driver fuel finance South Africa
platform,local taxi driver fuel voucher South Africa
platform,fuel voucher for e-hailing drivers
platform,e-hailing driver fuel credit
platform,e-hailing driver fuel finance South Africa
platform,e-hailing driver fuel voucher South Africa
platform,fuel voucher for food delivery drivers
platform,food delivery driver fuel credit
platform,food delivery driver fuel finance South Africa
platform,food delivery driver fuel voucher South Africa
platform,fuel voucher for grocery delivery drivers
platform,grocery delivery driver fuel credit
platform,grocery delivery driver fuel finance South Africa
platform,grocery delivery driver fuel voucher South Africa
platform,fuel voucher for parcel delivery drivers
platform,parcel delivery driver fuel credit
platform,parcel delivery driver fuel finance South Africa
platform,parcel delivery driver fuel voucher South Africa
platform,fuel voucher for courier drivers
platform,courier driver fuel credit
platform,courier driver fuel finance South Africa
platform,courier driver fuel voucher South Africa
taxi,taxi association fuel credit
taxi_local,taxi association fuel credit South Africa
taxi_local,taxi association fuel credit Gauteng
taxi_local,taxi association fuel credit Johannesburg
taxi_local,taxi association fuel credit Sandton
taxi_local,taxi association fuel credit Midrand
taxi_local,taxi association fuel credit Soweto
taxi_local,taxi association fuel credit Pretoria
taxi_local,taxi association fuel credit Centurion
taxi_local,taxi association fuel credit Tshwane
taxi_local,taxi association fuel credit Ekurhuleni
taxi_local,taxi association fuel credit Kempton Park
taxi_local,taxi association fuel credit Boksburg
taxi_local,taxi association fuel credit Benoni
taxi_local,taxi association fuel credit Springs
taxi_local,taxi association fuel credit Vanderbijlpark
taxi_local,taxi association fuel credit Vereeniging
taxi_local,taxi association fuel credit KwaZulu-Natal
taxi_local,taxi association fuel credit Durban
taxi_local,taxi association fuel credit Umhlanga
taxi_local,taxi association fuel credit Pinetown
taxi_local,taxi association fuel credit Pietermaritzburg
taxi_local,taxi association fuel credit Richards Bay
taxi_local,taxi association fuel credit Mpumalanga
taxi_local,taxi association fuel credit Nelspruit
taxi_local,taxi association fuel credit Mbombela
taxi_local,taxi association fuel credit Witbank
taxi_local,taxi association fuel credit eMalahleni
taxi_local,taxi association fuel credit Limpopo
taxi_local,taxi association fuel credit Polokwane
taxi_local,taxi association fuel credit Thohoyandou
taxi,rank-to-rank fuel financing
taxi_local,rank-to-rank fuel financing South Africa
taxi_local,rank-to-rank fuel financing Gauteng
taxi_local,rank-to-rank fuel financing Johannesburg
taxi_local,rank-to-rank fuel financing Sandton
taxi_local,rank-to-rank fuel financing Midrand
taxi_local,rank-to-rank fuel financing Soweto
taxi_local,rank-to-rank fuel financing Pretoria
taxi_local,rank-to-rank fuel financing Centurion
taxi_local,rank-to-rank fuel financing Tshwane
taxi_local,rank-to-rank fuel financing Ekurhuleni
taxi_local,rank-to-rank fuel financing Kempton Park
taxi_local,rank-to-rank fuel financing Boksburg
taxi_local,rank-to-rank fuel financing Benoni
taxi_local,rank-to-rank fuel financing Springs
taxi_local,rank-to-rank fuel financing Vanderbijlpark
taxi_local,rank-to-rank fuel financing Vereeniging
taxi_local,rank-to-rank fuel financing KwaZulu-Natal
taxi_local,rank-to-rank fuel financing Durban
taxi_local,rank-to-rank fuel financing Umhlanga
taxi_local,rank-to-rank fuel financing Pinetown
taxi_local,rank-to-rank fuel financing Pietermaritzburg
taxi_local,rank-to-rank fuel financing Richards Bay
taxi_local,rank-to-rank fuel financing Mpumalanga
taxi_local,rank-to-rank fuel financing Nelspruit
taxi_local,rank-to-rank fuel financing Mbombela
taxi_local,rank-to-rank fuel financing Witbank
taxi_local,rank-to-rank fuel financing eMalahleni
taxi_local,rank-to-rank fuel financing Limpopo
taxi_local,rank-to-rank fuel financing Polokwane
taxi_local,rank-to-rank fuel financing Thohoyandou
taxi,taxi fleet fuel controls
taxi_local,taxi fleet fuel controls South Africa
taxi_local,taxi fleet fuel controls Gauteng
taxi_local,taxi fleet fuel controls Johannesburg
taxi_local,taxi fleet fuel controls Sandton
taxi_local,taxi fleet fuel controls Midrand
taxi_local,taxi fleet fuel controls Soweto
taxi_local,taxi fleet fuel controls Pretoria
taxi_local,taxi fleet fuel controls Centurion
taxi_local,taxi fleet fuel controls Tshwane
taxi_local,taxi fleet fuel controls Ekurhuleni
taxi_local,taxi fleet fuel controls Kempton Park
taxi_local,taxi fleet fuel controls Boksburg
taxi_local,taxi fleet fuel controls Benoni
taxi_local,taxi fleet fuel controls Springs
taxi_local,taxi fleet fuel controls Vanderbijlpark
taxi_local,taxi fleet fuel controls Vereeniging
taxi_local,taxi fleet fuel controls KwaZulu-Natal
taxi_local,taxi fleet fuel controls Durban
taxi_local,taxi fleet fuel controls Umhlanga
taxi_local,taxi fleet fuel controls Pinetown
taxi_local,taxi fleet fuel controls Pietermaritzburg
taxi_local,taxi fleet fuel controls Richards Bay
taxi_local,taxi fleet fuel controls Mpumalanga
taxi_local,taxi fleet fuel controls Nelspruit
taxi_local,taxi fleet fuel controls Mbombela
taxi_local,taxi fleet fuel controls Witbank
taxi_local,taxi fleet fuel controls eMalahleni
taxi_local,taxi fleet fuel controls Limpopo
taxi_local,taxi fleet fuel controls Polokwane
taxi_local,taxi fleet fuel controls Thohoyandou
taxi,cashless fuel for taxis
taxi_local,cashless fuel for taxis South Africa
taxi_local,cashless fuel for taxis Gauteng
taxi_local,cashless fuel for taxis Johannesburg
taxi_local,cashless fuel for taxis Sandton
taxi_local,cashless fuel for taxis Midrand
taxi_local,cashless fuel for taxis Soweto
taxi_local,cashless fuel for taxis Pretoria
taxi_local,cashless fuel for taxis Centurion
taxi_local,cashless fuel for taxis Tshwane
taxi_local,cashless fuel for taxis Ekurhuleni
taxi_local,cashless fuel for taxis Kempton Park
taxi_local,cashless fuel for taxis Boksburg
taxi_local,cashless fuel for taxis Benoni
taxi_local,cashless fuel for taxis Springs
taxi_local,cashless fuel for taxis Vanderbijlpark
taxi_local,cashless fuel for taxis Vereeniging
taxi_local,cashless fuel for taxis KwaZulu-Natal
taxi_local,cashless fuel for taxis Durban
taxi_local,cashless fuel for taxis Umhlanga
taxi_local,cashless fuel for taxis Pinetown
taxi_local,cashless fuel for taxis Pietermaritzburg
taxi_local,cashless fuel for taxis Richards Bay
taxi_local,cashless fuel for taxis Mpumalanga
taxi_local,cashless fuel for taxis Nelspruit
taxi_local,cashless fuel for taxis Mbombela
taxi_local,cashless fuel for taxis Witbank
taxi_local,cashless fuel for taxis eMalahleni
taxi_local,cashless fuel for taxis Limpopo
taxi_local,cashless fuel for taxis Polokwane
taxi_local,cashless fuel for taxis Thohoyandou
taxi,voucher redemption for taxis
taxi_local,voucher redemption for taxis South Africa
taxi_local,voucher redemption for taxis Gauteng
taxi_local,voucher redemption for taxis Johannesburg
taxi_local,voucher redemption for taxis Sandton
taxi_local,voucher redemption for taxis Midrand
taxi_local,voucher redemption for taxis Soweto
taxi_local,voucher redemption for taxis Pretoria
taxi_local,voucher redemption for taxis Centurion
taxi_local,voucher redemption for taxis Tshwane
taxi_local,voucher redemption for taxis Ekurhuleni
taxi_local,voucher redemption for taxis Kempton Park
taxi_local,voucher redemption for taxis Boksburg
taxi_local,voucher redemption for taxis Benoni
taxi_local,voucher redemption for taxis Springs
taxi_local,voucher redemption for taxis Vanderbijlpark
taxi_local,voucher redemption for taxis Vereeniging
taxi_local,voucher redemption for taxis KwaZulu-Natal
taxi_local,voucher redemption for taxis Durban
taxi_local,voucher redemption for taxis Umhlanga
taxi_local,voucher redemption for taxis Pinetown
taxi_local,voucher redemption for taxis Pietermaritzburg
taxi_local,voucher redemption for taxis Richards Bay
taxi_local,voucher redemption for taxis Mpumalanga
taxi_local,voucher redemption for taxis Nelspruit
taxi_local,voucher redemption for taxis Mbombela
taxi_local,voucher redemption for taxis Witbank
taxi_local,voucher redemption for taxis eMalahleni
taxi_local,voucher redemption for taxis Limpopo
taxi_local,voucher redemption for taxis Polokwane
taxi_local,voucher redemption for taxis Thohoyandou
delivery,food delivery fuel credit
delivery_local,food delivery fuel credit South Africa
delivery_local,food delivery fuel credit Gauteng
delivery_local,food delivery fuel credit Johannesburg
delivery_local,food delivery fuel credit Sandton
delivery_local,food delivery fuel credit Midrand
delivery_local,food delivery fuel credit Soweto
delivery_local,food delivery fuel credit Pretoria
delivery_local,food delivery fuel credit Centurion
delivery_local,food delivery fuel credit Tshwane
delivery_local,food delivery fuel credit Ekurhuleni
delivery_local,food delivery fuel credit Kempton Park
delivery_local,food delivery fuel credit Boksburg
delivery_local,food delivery fuel credit Benoni
delivery_local,food delivery fuel credit Springs
delivery_local,food delivery fuel credit Vanderbijlpark
delivery_local,food delivery fuel credit Vereeniging
delivery_local,food delivery fuel credit KwaZulu-Natal
delivery_local,food delivery fuel credit Durban
delivery_local,food delivery fuel credit Umhlanga
delivery_local,food delivery fuel credit Pinetown
delivery_local,food delivery fuel credit Pietermaritzburg
delivery_local,food delivery fuel credit Richards Bay
delivery_local,food delivery fuel credit Mpumalanga
delivery_local,food delivery fuel credit Nelspruit
delivery_local,food delivery fuel credit Mbombela
delivery_local,food delivery fuel credit Witbank
delivery_local,food delivery fuel credit eMalahleni
delivery_local,food delivery fuel credit Limpopo
delivery_local,food delivery fuel credit Polokwane
delivery_local,food delivery fuel credit Thohoyandou
delivery,grocery delivery fuel credit
delivery_local,grocery delivery fuel credit South Africa
delivery_local,grocery delivery fuel credit Gauteng
delivery_local,grocery delivery fuel credit Johannesburg
delivery_local,grocery delivery fuel credit Sandton
delivery_local,grocery delivery fuel credit Midrand
delivery_local,grocery delivery fuel credit Soweto
delivery_local,grocery delivery fuel credit Pretoria
delivery_local,grocery delivery fuel credit Centurion
delivery_local,grocery delivery fuel credit Tshwane
delivery_local,grocery delivery fuel credit Ekurhuleni
delivery_local,grocery delivery fuel credit Kempton Park
delivery_local,grocery delivery fuel credit Boksburg
delivery_local,grocery delivery fuel credit Benoni
delivery_local,grocery delivery fuel credit Springs
delivery_local,grocery delivery fuel credit Vanderbijlpark
delivery_local,grocery delivery fuel credit Vereeniging
delivery_local,grocery delivery fuel credit KwaZulu-Natal
delivery_local,grocery delivery fuel credit Durban
delivery_local,grocery delivery fuel credit Umhlanga
delivery_local,grocery delivery fuel credit Pinetown
delivery_local,grocery delivery fuel credit Pietermaritzburg
delivery_local,grocery delivery fuel credit Richards Bay
delivery_local,grocery delivery fuel credit Mpumalanga
delivery_local,grocery delivery fuel credit Nelspruit
delivery_local,grocery delivery fuel credit Mbombela
delivery_local,grocery delivery fuel credit Witbank
delivery_local,grocery delivery fuel credit eMalahleni
delivery_local,grocery delivery fuel credit Limpopo
delivery_local,grocery delivery fuel credit Polokwane
delivery_local,grocery delivery fuel credit Thohoyandou
delivery,delivery driver fuel vouchers
delivery_local,delivery driver fuel vouchers South Africa
delivery_local,delivery driver fuel vouchers Gauteng
delivery_local,delivery driver fuel vouchers Johannesburg
delivery_local,delivery driver fuel vouchers Sandton
delivery_local,delivery driver fuel vouchers Midrand
delivery_local,delivery driver fuel vouchers Soweto
delivery_local,delivery driver fuel vouchers Pretoria
delivery_local,delivery driver fuel vouchers Centurion
delivery_local,delivery driver fuel vouchers Tshwane
delivery_local,delivery driver fuel vouchers Ekurhuleni
delivery_local,delivery driver fuel vouchers Kempton Park
delivery_local,delivery driver fuel vouchers Boksburg
delivery_local,delivery driver fuel vouchers Benoni
delivery_local,delivery driver fuel vouchers Springs
delivery_local,delivery driver fuel vouchers Vanderbijlpark
delivery_local,delivery driver fuel vouchers Vereeniging
delivery_local,delivery driver fuel vouchers KwaZulu-Natal
delivery_local,delivery driver fuel vouchers Durban
delivery_local,delivery driver fuel vouchers Umhlanga
delivery_local,delivery driver fuel vouchers Pinetown
delivery_local,delivery driver fuel vouchers Pietermaritzburg
delivery_local,delivery driver fuel vouchers Richards Bay
delivery_local,delivery driver fuel vouchers Mpumalanga
delivery_local,delivery driver fuel vouchers Nelspruit
delivery_local,delivery driver fuel vouchers Mbombela
delivery_local,delivery driver fuel vouchers Witbank
delivery_local,delivery driver fuel vouchers eMalahleni
delivery_local,delivery driver fuel vouchers Limpopo
delivery_local,delivery driver fuel vouchers Polokwane
delivery_local,delivery driver fuel vouchers Thohoyandou
delivery,delivery driver fuel financing
delivery_local,delivery driver fuel financing South Africa
delivery_local,delivery driver fuel financing Gauteng
delivery_local,delivery driver fuel financing Johannesburg
delivery_local,delivery driver fuel financing Sandton
delivery_local,delivery driver fuel financing Midrand
delivery_local,delivery driver fuel financing Soweto
delivery_local,delivery driver fuel financing Pretoria
delivery_local,delivery driver fuel financing Centurion
delivery_local,delivery driver fuel financing Tshwane
delivery_local,delivery driver fuel financing Ekurhuleni
delivery_local,delivery driver fuel financing Kempton Park
delivery_local,delivery driver fuel financing Boksburg
delivery_local,delivery driver fuel financing Benoni
delivery_local,delivery driver fuel financing Springs
delivery_local,delivery driver fuel financing Vanderbijlpark
delivery_local,delivery driver fuel financing Vereeniging
delivery_local,delivery driver fuel financing KwaZulu-Natal
delivery_local,delivery driver fuel financing Durban
delivery_local,delivery driver fuel financing Umhlanga
delivery_local,delivery driver fuel financing Pinetown
delivery_local,delivery driver fuel financing Pietermaritzburg
delivery_local,delivery driver fuel financing Richards Bay
delivery_local,delivery driver fuel financing Mpumalanga
delivery_local,delivery driver fuel financing Nelspruit
delivery_local,delivery driver fuel financing Mbombela
delivery_local,delivery driver fuel financing Witbank
delivery_local,delivery driver fuel financing eMalahleni
delivery_local,delivery driver fuel financing Limpopo
delivery_local,delivery driver fuel financing Polokwane
delivery_local,delivery driver fuel financing Thohoyandou
delivery,courier fuel credit
delivery_local,courier fuel credit South Africa
delivery_local,courier fuel credit Gauteng
delivery_local,courier fuel credit Johannesburg
delivery_local,courier fuel credit Sandton
delivery_local,courier fuel credit Midrand
delivery_local,courier fuel credit Soweto
delivery_local,courier fuel credit Pretoria
delivery_local,courier fuel credit Centurion
delivery_local,courier fuel credit Tshwane
delivery_local,courier fuel credit Ekurhuleni
delivery_local,courier fuel credit Kempton Park
delivery_local,courier fuel credit Boksburg
delivery_local,courier fuel credit Benoni
delivery_local,courier fuel credit Springs
delivery_local,courier fuel credit Vanderbijlpark
delivery_local,courier fuel credit Vereeniging
delivery_local,courier fuel credit KwaZulu-Natal
delivery_local,courier fuel credit Durban
delivery_local,courier fuel credit Umhlanga
delivery_local,courier fuel credit Pinetown
delivery_local,courier fuel credit Pietermaritzburg
delivery_local,courier fuel credit Richards Bay
delivery_local,courier fuel credit Mpumalanga
delivery_local,courier fuel credit Nelspruit
delivery_local,courier fuel credit Mbombela
delivery_local,courier fuel credit Witbank
delivery_local,courier fuel credit eMalahleni
delivery_local,courier fuel credit Limpopo
delivery_local,courier fuel credit Polokwane
delivery_local,courier fuel credit Thohoyandou
delivery,last mile fuel voucher
delivery_local,last mile fuel voucher South Africa
delivery_local,last mile fuel voucher Gauteng
delivery_local,last mile fuel voucher Johannesburg
delivery_local,last mile fuel voucher Sandton
delivery_local,last mile fuel voucher Midrand
delivery_local,last mile fuel voucher Soweto
delivery_local,last mile fuel voucher Pretoria
delivery_local,last mile fuel voucher Centurion
delivery_local,last mile fuel voucher Tshwane
delivery_local,last mile fuel voucher Ekurhuleni
delivery_local,last mile fuel voucher Kempton Park
delivery_local,last mile fuel voucher Boksburg
delivery_local,last mile fuel voucher Benoni
delivery_local,last mile fuel voucher Springs
delivery_local,last mile fuel voucher Vanderbijlpark
delivery_local,last mile fuel voucher Vereeniging
delivery_local,last mile fuel voucher KwaZulu-Natal
delivery_local,last mile fuel voucher Durban
delivery_local,last mile fuel voucher Umhlanga
delivery_local,last mile fuel voucher Pinetown
delivery_local,last mile fuel voucher Pietermaritzburg
delivery_local,last mile fuel voucher Richards Bay
delivery_local,last mile fuel voucher Mpumalanga
delivery_local,last mile fuel voucher Nelspruit
delivery_local,last mile fuel voucher Mbombela
delivery_local,last mile fuel voucher Witbank
delivery_local,last mile fuel voucher eMalahleni
delivery_local,last mile fuel voucher Limpopo
delivery_local,last mile fuel voucher Polokwane
delivery_local,last mile fuel voucher Thohoyandou
merchant,fuel station voucher redemption
merchant_local,fuel station voucher redemption South Africa
merchant_local,fuel station voucher redemption Gauteng
merchant_local,fuel station voucher redemption Johannesburg
merchant_local,fuel station voucher redemption Sandton
merchant_local,fuel station voucher redemption Midrand
merchant_local,fuel station voucher redemption Soweto
merchant_local,fuel station voucher redemption Pretoria
merchant_local,fuel station voucher redemption Centurion
merchant_local,fuel station voucher redemption Tshwane
merchant_local,fuel station voucher redemption Ekurhuleni
merchant_local,fuel station voucher redemption Kempton Park
merchant_local,fuel station voucher redemption Boksburg
merchant_local,fuel station voucher redemption Benoni
merchant_local,fuel station voucher redemption Springs
merchant_local,fuel station voucher redemption Vanderbijlpark
merchant_local,fuel station voucher redemption Vereeniging
merchant_local,fuel station voucher redemption KwaZulu-Natal
merchant_local,fuel station voucher redemption Durban
merchant_local,fuel station voucher redemption Umhlanga
merchant_local,fuel station voucher redemption Pinetown
merchant_local,fuel station voucher redemption Pietermaritzburg
merchant_local,fuel station voucher redemption Richards Bay
merchant_local,fuel station voucher redemption Mpumalanga
merchant_local,fuel station voucher redemption Nelspruit
merchant_local,fuel station voucher redemption Mbombela
merchant,fuel station settlement
merchant_local,fuel station settlement South Africa
merchant_local,fuel station settlement Gauteng
merchant_local,fuel station settlement Johannesburg
merchant_local,fuel station settlement Sandton
merchant_local,fuel station settlement Midrand
merchant_local,fuel station settlement Soweto
merchant_local,fuel station settlement Pretoria
merchant_local,fuel station settlement Centurion
merchant_local,fuel station settlement Tshwane
merchant_local,fuel station settlement Ekurhuleni
merchant_local,fuel station settlement Kempton Park
merchant_local,fuel station settlement Boksburg
merchant_local,fuel station settlement Benoni
merchant_local,fuel station settlement Springs
merchant_local,fuel station settlement Vanderbijlpark
merchant_local,fuel station settlement Vereeniging
merchant_local,fuel station settlement KwaZulu-Natal
merchant_local,fuel station settlement Durban
merchant_local,fuel station settlement Umhlanga
merchant_local,fuel station settlement Pinetown
merchant_local,fuel station settlement Pietermaritzburg
merchant_local,fuel station settlement Richards Bay
merchant_local,fuel station settlement Mpumalanga
merchant_local,fuel station settlement Nelspruit
merchant_local,fuel station settlement Mbombela
merchant,petrol station voucher system
merchant_local,petrol station voucher system South Africa
merchant_local,petrol station voucher system Gauteng
merchant_local,petrol station voucher system Johannesburg
merchant_local,petrol station voucher system Sandton
merchant_local,petrol station voucher system Midrand
merchant_local,petrol station voucher system Soweto
merchant_local,petrol station voucher system Pretoria
merchant_local,petrol station voucher system Centurion
merchant_local,petrol station voucher system Tshwane
merchant_local,petrol station voucher system Ekurhuleni
merchant_local,petrol station voucher system Kempton Park
merchant_local,petrol station voucher system Boksburg
merchant_local,petrol station voucher system Benoni
merchant_local,petrol station voucher system Springs
merchant_local,petrol station voucher system Vanderbijlpark
merchant_local,petrol station voucher system Vereeniging
merchant_local,petrol station voucher system KwaZulu-Natal
merchant_local,petrol station voucher system Durban
merchant_local,petrol station voucher system Umhlanga
merchant_local,petrol station voucher system Pinetown
merchant_local,petrol station voucher system Pietermaritzburg
merchant_local,petrol station voucher system Richards Bay
merchant_local,petrol station voucher system Mpumalanga
merchant_local,petrol station voucher system Nelspruit
merchant_local,petrol station voucher system Mbombela
merchant,forecourt voucher validation
merchant_local,forecourt voucher validation South Africa
merchant_local,forecourt voucher validation Gauteng
merchant_local,forecourt voucher validation Johannesburg
merchant_local,forecourt voucher validation Sandton
merchant_local,forecourt voucher validation Midrand
merchant_local,forecourt voucher validation Soweto
merchant_local,forecourt voucher validation Pretoria
merchant_local,forecourt voucher validation Centurion
merchant_local,forecourt voucher validation Tshwane
merchant_local,forecourt voucher validation Ekurhuleni
merchant_local,forecourt voucher validation Kempton Park
merchant_local,forecourt voucher validation Boksburg
merchant_local,forecourt voucher validation Benoni
merchant_local,forecourt voucher validation Springs
merchant_local,forecourt voucher validation Vanderbijlpark
merchant_local,forecourt voucher validation Vereeniging
merchant_local,forecourt voucher validation KwaZulu-Natal
merchant_local,forecourt voucher validation Durban
merchant_local,forecourt voucher validation Umhlanga
merchant_local,forecourt voucher validation Pinetown
merchant_local,forecourt voucher validation Pietermaritzburg
merchant_local,forecourt voucher validation Richards Bay
merchant_local,forecourt voucher validation Mpumalanga
merchant_local,forecourt voucher validation Nelspruit
merchant_local,forecourt voucher validation Mbombela
merchant,kiosk voucher split fuel and shop
merchant_local,kiosk voucher split fuel and shop South Africa
merchant_local,kiosk voucher split fuel and shop Gauteng
merchant_local,kiosk voucher split fuel and shop Johannesburg
merchant_local,kiosk voucher split fuel and shop Sandton
merchant_local,kiosk voucher split fuel and shop Midrand
merchant_local,kiosk voucher split fuel and shop Soweto
merchant_local,kiosk voucher split fuel and shop Pretoria
merchant_local,kiosk voucher split fuel and shop Centurion
merchant_local,kiosk voucher split fuel and shop Tshwane
merchant_local,kiosk voucher split fuel and shop Ekurhuleni
merchant_local,kiosk voucher split fuel and shop Kempton Park
merchant_local,kiosk voucher split fuel and shop Boksburg
merchant_local,kiosk voucher split fuel and shop Benoni
merchant_local,kiosk voucher split fuel and shop Springs
merchant_local,kiosk voucher split fuel and shop Vanderbijlpark
merchant_local,kiosk voucher split fuel and shop Vereeniging
merchant_local,kiosk voucher split fuel and shop KwaZulu-Natal
merchant_local,kiosk voucher split fuel and shop Durban
merchant_local,kiosk voucher split fuel and shop Umhlanga
merchant_local,kiosk voucher split fuel and shop Pinetown
merchant_local,kiosk voucher split fuel and shop Pietermaritzburg
merchant_local,kiosk voucher split fuel and shop Richards Bay
merchant_local,kiosk voucher split fuel and shop Mpumalanga
merchant_local,kiosk voucher split fuel and shop Nelspruit
merchant_local,kiosk voucher split fuel and shop Mbombela
merchant,voucher redemption reporting for stations
merchant_local,voucher redemption reporting for stations South Africa
merchant_local,voucher redemption reporting for stations Gauteng
merchant_local,voucher redemption reporting for stations Johannesburg
merchant_local,voucher redemption reporting for stations Sandton
merchant_local,voucher redemption reporting for stations Midrand
merchant_local,voucher redemption reporting for stations Soweto
merchant_local,voucher redemption reporting for stations Pretoria
merchant_local,voucher redemption reporting for stations Centurion
merchant_local,voucher redemption reporting for stations Tshwane
merchant_local,voucher redemption reporting for stations Ekurhuleni
merchant_local,voucher redemption reporting for stations Kempton Park
merchant_local,voucher redemption reporting for stations Boksburg
merchant_local,voucher redemption reporting for stations Benoni
merchant_local,voucher redemption reporting for stations Springs
merchant_local,voucher redemption reporting for stations Vanderbijlpark
merchant_local,voucher redemption reporting for stations Vereeniging
merchant_local,voucher redemption reporting for stations KwaZulu-Natal
merchant_local,voucher redemption reporting for stations Durban
merchant_local,voucher redemption reporting for stations Umhlanga
merchant_local,voucher redemption reporting for stations Pinetown
merchant_local,voucher redemption reporting for stations Pietermaritzburg
merchant_local,voucher redemption reporting for stations Richards Bay
merchant_local,voucher redemption reporting for stations Mpumalanga
merchant_local,voucher redemption reporting for stations Nelspruit
merchant_local,voucher redemption reporting for stations Mbombela
